,时间,区县,离群CGI,小区分类,覆盖类型,覆盖场景,重点指标,指标离群值,指标小组最优值,离群小区流量,小组流量最优值
0,2017-06-11 00:00:00,闸北区,460-00-100131-3,下降,室外,城区道路,异系统切换比,0.000192,4.5e-05,2923093.299,27116028.069000002
1,2017-06-12 00:00:00,闸北区,460-00-100131-3,下降,室外,城区道路,异系统切换比,0.0002,4.5e-05,2968998.687,27116028.069000002
2,2017-06-13 00:00:00,闸北区,460-00-100131-3,下降,室外,城区道路,自_下行体验速率_Eutrancell,29.590503000000002,133.617871,2031729.678,24989292.209000006
3,2017-06-16 00:00:00,闸北区,460-00-100131-3,下降,室外,城区道路,异系统切换比,0.000286,4.5e-05,2445048.75,27116028.069000002
4,2017-06-16 00:00:00,闸北区,460-00-100131-3,下降,室外,城区道路,自_下行体验速率_Eutrancell,20.93325,113.233,2445048.75,27116028.069000002
5,2017-07-06 00:00:00,宝山区,460-00-101277-13,下降,室外,低层居民区,上行64QAM编码比例,0.0,0.015009999999999999,8800704.317,31988398.01600001
6,2017-07-07 00:00:00,宝山区,460-00-101277-13,下降,室外,低层居民区,上行64QAM编码比例,0.0,0.011835,8321499.614999997,31653301.539
7,2017-07-09 00:00:00,宝山区,460-00-101277-13,下降,室外,低层居民区,上行64QAM编码比例,0.0,0.01325,10299488.032,32309035.906
8,2017-06-16 00:00:00,奉贤区,460-00-101656-12,稳步上升,室外,企事业单位,上行64QAM编码比例,0.0,0.012513,4428990.452,22715950.641
9,2017-06-19 00:00:00,奉贤区,460-00-101656-12,稳步上升,室外,企事业单位,上行64QAM编码比例,0.0,0.004695,4847458.91,29334010.162
10,2017-06-20 00:00:00,奉贤区,460-00-101656-12,稳步上升,室外,企事业单位,上行64QAM编码比例,0.0,0.004695,5390727.234,29334010.162
11,2017-06-19 00:00:00,奉贤区,460-00-101672-12,稳步上升,室外,企事业单位,上行64QAM编码比例,0.0,0.00364,6592879.192000002,29800109.936
12,2017-06-20 00:00:00,奉贤区,460-00-101672-12,稳步上升,室外,企事业单位,上行64QAM编码比例,0.0,0.002068,6705948.862000002,33318825.891
13,2017-06-19 00:00:00,金山区,460-00-101892-12,下降,室外,低层居民区,异系统切换比,0.001333,0.000296,7429868.503,25702803.951
14,2017-06-19 00:00:00,金山区,460-00-101892-12,下降,室外,低层居民区,上行用户平均速率,0.37488499999999997,1.932432,7429868.503,25702803.951
15,2017-06-20 00:00:00,金山区,460-00-101892-12,下降,室外,低层居民区,异系统切换比,0.0019850000000000002,0.0003,7620660.83,28963629.955
16,2017-06-20 00:00:00,金山区,460-00-101892-12,下降,室外,低层居民区,上行用户平均速率,0.4109640000000001,1.761423,7620660.83,28963629.955
17,2017-06-13 00:00:00,浦东新区,460-00-102487-13,稳步上升,室外,城区道路,E-RAB掉线率（小区级）,0.004182,0.000585,10359344.66,38149653.512
18,2017-06-14 00:00:00,浦东新区,460-00-102487-13,稳步上升,室外,城区道路,E-RAB掉线率（小区级）,0.002865,0.00048499999999999997,8177408.823,38400512.656
19,2017-06-05 00:00:00,浦东新区,460-00-102696-1,下降,室外,工业园区,异系统切换比,0.000425,8.6e-05,1434162.0780000002,32594594.402
20,2017-06-05 00:00:00,浦东新区,460-00-102696-1,下降,室外,工业园区,无线掉线率,0.00021099999999999998,0.000958,1434162.0780000002,32594594.402
21,2017-06-18 00:00:00,浦东新区,460-00-102696-1,下降,室外,工业园区,异系统切换比,0.000938,0.00017900000000000001,6728001.829,26708237.24600001
22,2017-06-18 00:00:00,浦东新区,460-00-102696-1,下降,室外,工业园区,无线掉线率,0.000779,0.00796,6728001.829,26708237.24600001
23,2017-06-02 00:00:00,浦东新区,460-00-103145-44,下降,室内,商业中心,异系统切换比,0.002672,0.0,3068060.984,19198251.007
24,2017-06-02 00:00:00,浦东新区,460-00-103145-44,下降,室内,商业中心,上行64QAM编码比例,0.0,0.009956999999999999,3068060.984,19198251.007
25,2017-06-02 00:00:00,浦东新区,460-00-103145-44,下降,室内,商业中心,下行双流流量占比,0.002503,0.6417609999999999,3068060.984,19198251.007
26,2017-06-04 00:00:00,浦东新区,460-00-103145-44,下降,室内,商业中心,异系统切换比,0.0029230000000000003,0.0,3141532.4110000012,19198251.007
27,2017-06-04 00:00:00,浦东新区,460-00-103145-44,下降,室内,商业中心,上行64QAM编码比例,0.0,0.009956999999999999,3141532.4110000012,19198251.007
28,2017-06-04 00:00:00,浦东新区,460-00-103145-44,下降,室内,商业中心,下行双流流量占比,0.002518,0.6417609999999999,3141532.4110000012,19198251.007
29,2017-06-05 00:00:00,浦东新区,460-00-103145-44,下降,室内,商业中心,无线掉线率,0.00011999999999999999,0.000512,3054721.997,22761354.43900001
30,2017-06-06 00:00:00,浦东新区,460-00-103145-44,下降,室内,商业中心,无线掉线率,4.1e-05,0.000512,2875710.9289999995,22761354.43900001
31,2017-06-07 00:00:00,浦东新区,460-00-103145-44,下降,室内,商业中心,上行64QAM编码比例,0.0,0.006266,3183593.71,22676700.601
32,2017-06-09 00:00:00,黄浦区,460-00-103178-11,稳步上升,室外,城区道路,自_上行体验速率_Eutrancell,2.6580470000000003,11.931884,10336110.367,44488718.358
33,2017-06-10 00:00:00,黄浦区,460-00-103178-11,稳步上升,室外,城区道路,自_上行体验速率_Eutrancell,1.174517,5.69885,10850159.059,44565561.276
34,2017-06-06 00:00:00,徐汇区,460-00-103212-12,下降,室外,城区道路,异系统切换比,0.001342,8.8e-05,8836508.524,38123981.773
35,2017-06-06 00:00:00,徐汇区,460-00-103212-12,下降,室外,城区道路,下行64QAM编码比例,0.18388,0.747292,8836508.524,38123981.773
36,2017-06-07 00:00:00,徐汇区,460-00-103212-12,下降,室外,城区道路,异系统切换比,0.00148,8.8e-05,8067010.7919999985,38123981.773
37,2017-06-07 00:00:00,徐汇区,460-00-103212-12,下降,室外,城区道路,下行64QAM编码比例,0.16101600000000002,0.747292,8067010.7919999985,38123981.773
38,2017-06-05 00:00:00,普陀区,460-00-103816-13,稳步上升,室外,写字楼,下行64QAM编码比例,0.033925,0.30042399999999997,1678105.206,17008376.641
39,2017-07-11 00:00:00,普陀区,460-00-103816-13,稳步上升,室外,写字楼,下行64QAM编码比例,0.052984,0.300387,1176177.659,12328985.735
40,2017-06-03 00:00:00,普陀区,460-00-103833-12,下降,室外,低层居民区,异系统切换比,0.001415,0.00025299999999999997,8195193.097999998,38854524.877
41,2017-06-12 00:00:00,普陀区,460-00-103833-12,下降,室外,低层居民区,异系统切换比,0.000982,0.000161,6136601.732000002,26625000.013
42,2017-07-04 00:00:00,杨浦区,460-00-103952-1,下降,室外,写字楼,无线掉线率,0.000361,0.0024170000000000003,3944875.553,27791016.396
43,2017-07-04 00:00:00,杨浦区,460-00-103952-1,下降,室外,写字楼,自_下行体验速率_Eutrancell,16.90134,84.538053,3944875.553,27791016.396
44,2017-07-07 00:00:00,杨浦区,460-00-103952-1,下降,室外,写字楼,自_下行体验速率_Eutrancell,15.75288,84.538053,3676920.147,27791016.396
45,2017-07-08 00:00:00,杨浦区,460-00-103952-1,下降,室外,写字楼,无线掉线率,0.000433,0.0024170000000000003,4103752.207,27791016.396
46,2017-07-08 00:00:00,杨浦区,460-00-103952-1,下降,室外,写字楼,自_下行体验速率_Eutrancell,19.213216,84.538053,4103752.207,27791016.396
47,2017-07-11 00:00:00,杨浦区,460-00-103952-1,下降,室外,写字楼,无线掉线率,0.000395,0.0024170000000000003,3474089.875,27791016.396
48,2017-07-11 00:00:00,杨浦区,460-00-103952-1,下降,室外,写字楼,自_下行体验速率_Eutrancell,15.371594,84.538053,3474089.875,27791016.396
49,2017-07-12 00:00:00,杨浦区,460-00-103952-1,下降,室外,写字楼,自_下行体验速率_Eutrancell,13.380189000000001,175.681142,2833755.331,29489640.057
50,2017-06-12 00:00:00,闸北区,460-00-104034-13,下降,室外,城区道路,下行PRB平均利用率,0.0438,0.2686,9515570.916,68026850.52600001
51,2017-06-12 00:00:00,闸北区,460-00-104034-13,下降,室外,城区道路,无线利用率,0.0466,0.2413,9515570.916,68026850.52600001
52,2017-06-14 00:00:00,闸北区,460-00-104034-13,下降,室外,城区道路,下行PRB平均利用率,0.0532,0.2686,9616528.932,68026850.52600001
53,2017-06-14 00:00:00,闸北区,460-00-104034-13,下降,室外,城区道路,无线利用率,0.0534,0.2413,9616528.932,68026850.52600001
54,2017-06-12 00:00:00,闸北区,460-00-104041-12,下降,室外,城区道路,异系统切换比,0.001286,0.000292,4946323.993,28537745.063
55,2017-06-12 00:00:00,闸北区,460-00-104041-12,下降,室外,城区道路,下行PRB平均利用率,0.036000000000000004,0.2142,4946323.993,28537745.063
56,2017-06-12 00:00:00,闸北区,460-00-104041-12,下降,室外,城区道路,无线利用率,0.037000000000000005,0.1825,4946323.993,28537745.063
57,2017-06-14 00:00:00,闸北区,460-00-104041-12,下降,室外,城区道路,异系统切换比,0.001352,0.000292,5885224.765,28537745.063
58,2017-06-14 00:00:00,闸北区,460-00-104041-12,下降,室外,城区道路,下行PRB平均利用率,0.0445,0.2142,5885224.765,28537745.063
59,2017-06-14 00:00:00,闸北区,460-00-104041-12,下降,室外,城区道路,无线利用率,0.044,0.1825,5885224.765,28537745.063
60,2017-06-19 00:00:00,松江区,460-00-104710-13,稳步上升,室外,企事业单位,上行64QAM编码比例,0.0,0.017034,5178397.084,27512751.392
61,2017-06-20 00:00:00,松江区,460-00-104710-13,稳步上升,室外,企事业单位,异系统切换比,0.001308,0.000264,3926116.561,22715950.641
62,2017-06-20 00:00:00,松江区,460-00-104710-13,稳步上升,室外,企事业单位,上行64QAM编码比例,0.0,0.012513,3926116.561,22715950.641
63,2017-06-22 00:00:00,松江区,460-00-104710-13,稳步上升,室外,企事业单位,异系统切换比,0.0013650000000000001,0.000264,4756808.61,22715950.641
64,2017-06-22 00:00:00,松江区,460-00-104710-13,稳步上升,室外,企事业单位,上行64QAM编码比例,0.0,0.012513,4756808.61,22715950.641
65,2017-06-05 00:00:00,奉贤区,460-00-105954-12,下降,室外,乡镇,下行64QAM编码比例,0.046598,0.365446,1027839.5079999999,12763372.578
66,2017-06-06 00:00:00,奉贤区,460-00-105954-12,下降,室外,乡镇,下行64QAM编码比例,0.049105,0.365446,705337.6540000002,12763372.578
67,2017-06-30 00:00:00,奉贤区,460-00-105954-12,下降,室外,乡镇,下行64QAM编码比例,0.051019999999999996,0.365446,1021818.512,12763372.578
68,2017-06-16 00:00:00,金山区,460-00-106232-33,稳步上升,室内,商业中心,自_LTE参考信号接收功率>=-110_Eutrancell,103116.0,559025.0,6731831.302,22593571.884
69,2017-06-20 00:00:00,金山区,460-00-106232-33,稳步上升,室内,商业中心,自_LTE参考信号接收功率>=-110_Eutrancell,101424.0,559025.0,6194737.044,22593571.884
70,2017-07-02 00:00:00,浦东新区,460-00-106524-2,稳步上升,室外,城区道路,上行PRB平均利用率,0.0089,0.0933,983097.425,19434430.593
71,2017-07-02 00:00:00,浦东新区,460-00-106524-2,稳步上升,室外,城区道路,下行每PRB平均吞吐量,0.1326,0.5359,983097.425,19434430.593
72,2017-07-03 00:00:00,浦东新区,460-00-106524-2,稳步上升,室外,城区道路,上行PRB平均利用率,0.0097,0.0933,1138578.046,19434430.593
73,2017-07-03 00:00:00,浦东新区,460-00-106524-2,稳步上升,室外,城区道路,下行每PRB平均吞吐量,0.1172,0.5359,1138578.046,19434430.593
74,2017-06-02 00:00:00,浦东新区,460-00-106682-11,稳步上升,室外,写字楼,上行64QAM编码比例,0.0,0.005496,6869931.545,34204998.314
75,2017-06-06 00:00:00,浦东新区,460-00-106682-11,稳步上升,室外,写字楼,上行64QAM编码比例,0.0,0.012559,6948888.2820000015,31815298.40400001
76,2017-06-17 00:00:00,静安区,460-00-107661-54,下降,室内,商业中心,无线掉线率,0.000105,0.028252,1131634.854,10465941.844
77,2017-06-18 00:00:00,静安区,460-00-107661-54,下降,室内,商业中心,无线掉线率,0.000205,0.028252,886528.7899999998,10465941.844
78,2017-06-05 00:00:00,普陀区,460-00-107781-11,稳步上升,室外,写字楼,下行PRB平均利用率,0.0517,0.3983,8325865.1269999975,47598876.236
79,2017-06-05 00:00:00,普陀区,460-00-107781-11,稳步上升,室外,写字楼,自_LTE参考信号接收功率>=-110_Eutrancell,12728.0,101777.0,8325865.1269999975,47598876.236
80,2017-06-05 00:00:00,普陀区,460-00-107781-11,稳步上升,室外,写字楼,无线利用率,0.0635,0.3442,8325865.1269999975,47598876.236
81,2017-06-08 00:00:00,普陀区,460-00-107781-11,稳步上升,室外,写字楼,下行PRB平均利用率,0.0438,0.3405,7022046.665,41358208.345
82,2017-06-08 00:00:00,普陀区,460-00-107781-11,稳步上升,室外,写字楼,自_LTE参考信号接收功率>=-110_Eutrancell,7821.0,752844.0,7022046.665,41358208.345
83,2017-06-08 00:00:00,普陀区,460-00-107781-11,稳步上升,室外,写字楼,无线利用率,0.0449,0.2931,7022046.665,41358208.345
84,2017-06-09 00:00:00,普陀区,460-00-107781-11,稳步上升,室外,写字楼,下行PRB平均利用率,0.0446,0.2067,6957136.783,31815298.40400001
85,2017-06-09 00:00:00,普陀区,460-00-107781-11,稳步上升,室外,写字楼,上行64QAM编码比例,0.0,0.012559,6957136.783,31815298.40400001
86,2017-06-09 00:00:00,普陀区,460-00-107781-11,稳步上升,室外,写字楼,自_LTE参考信号接收功率>=-110_Eutrancell,7331.0,98883.0,6957136.783,31815298.40400001
87,2017-06-09 00:00:00,普陀区,460-00-107781-11,稳步上升,室外,写字楼,无线利用率,0.0454,0.1846,6957136.783,31815298.40400001
88,2017-06-17 00:00:00,普陀区,460-00-107781-11,稳步上升,室外,写字楼,上行64QAM编码比例,0.0,0.018451,8207539.461,34142079.584
89,2017-06-17 00:00:00,普陀区,460-00-107781-11,稳步上升,室外,写字楼,自_LTE参考信号接收功率>=-110_Eutrancell,7075.0,133671.0,8207539.461,34142079.584
90,2017-06-02 00:00:00,普陀区,460-00-107781-12,稳步上升,室外,写字楼,上行64QAM编码比例,0.0,0.031098,5180688.99,27176849.706
91,2017-06-02 00:00:00,普陀区,460-00-107781-12,稳步上升,室外,写字楼,自_LTE参考信号接收功率>=-110_Eutrancell,21194.0,125137.0,5180688.99,27176849.706
92,2017-06-05 00:00:00,普陀区,460-00-107781-12,稳步上升,室外,写字楼,自_LTE参考信号接收功率>=-110_Eutrancell,9198.0,94921.0,8042902.8900000015,35759178.057
93,2017-06-08 00:00:00,普陀区,460-00-107781-12,稳步上升,室外,写字楼,异系统切换比,0.0021379999999999997,4.5e-05,6462958.125999997,32405714.006
94,2017-06-08 00:00:00,普陀区,460-00-107781-12,稳步上升,室外,写字楼,自_LTE参考信号接收功率>=-110_Eutrancell,4698.0,135980.0,6462958.125999997,32405714.006
95,2017-06-10 00:00:00,普陀区,460-00-107781-12,稳步上升,室外,写字楼,异系统切换比,0.0017350000000000002,0.000367,6992145.819,42283099.608
96,2017-06-10 00:00:00,普陀区,460-00-107781-12,稳步上升,室外,写字楼,上行64QAM编码比例,0.0,0.016679,6992145.819,42283099.608
97,2017-06-10 00:00:00,普陀区,460-00-107781-12,稳步上升,室外,写字楼,自_LTE参考信号接收功率>=-110_Eutrancell,5218.0,101433.0,6992145.819,42283099.608
98,2017-06-13 00:00:00,普陀区,460-00-107781-12,稳步上升,室外,写字楼,异系统切换比,0.003019,0.0,5622105.674,25414031.313
99,2017-06-13 00:00:00,普陀区,460-00-107781-12,稳步上升,室外,写字楼,自_LTE参考信号接收功率>=-110_Eutrancell,4652.0,118685.0,5622105.674,25414031.313
100,2017-06-14 00:00:00,普陀区,460-00-107781-12,稳步上升,室外,写字楼,异系统切换比,0.003425,0.000149,5402469.175,29387234.632
101,2017-06-14 00:00:00,普陀区,460-00-107781-12,稳步上升,室外,写字楼,上行64QAM编码比例,0.0,0.011756,5402469.175,29387234.632
102,2017-06-14 00:00:00,普陀区,460-00-107781-12,稳步上升,室外,写字楼,自_LTE参考信号接收功率>=-110_Eutrancell,4658.0,411611.0,5402469.175,29387234.632
103,2017-06-17 00:00:00,普陀区,460-00-107781-12,稳步上升,室外,写字楼,异系统切换比,0.001983,0.000172,6117151.281,23523246.64300001
104,2017-06-17 00:00:00,普陀区,460-00-107781-12,稳步上升,室外,写字楼,自_LTE参考信号接收功率>=-110_Eutrancell,3955.0,121440.0,6117151.281,23523246.64300001
105,2017-06-05 00:00:00,普陀区,460-00-107781-4,下降,室外,写字楼,异系统切换比,0.003151,6.9e-05,3764084.124,31696717.041
106,2017-06-08 00:00:00,普陀区,460-00-107781-4,下降,室外,写字楼,异系统切换比,0.002405,0.000312,5259406.737,34833881.139
107,2017-06-10 00:00:00,普陀区,460-00-107781-4,下降,室外,写字楼,异系统切换比,0.002562,0.000543,6839345.195,40825283.025
108,2017-06-11 00:00:00,闸北区,460-00-108064-1,下降,室外,城区道路,下行PRB平均利用率,0.0395,0.1747,5590222.274,36553970.898
109,2017-06-11 00:00:00,闸北区,460-00-108064-1,下降,室外,城区道路,无线利用率,0.0372,0.1534,5590222.274,36553970.898
110,2017-06-12 00:00:00,闸北区,460-00-108064-1,下降,室外,城区道路,上行PRB平均利用率,0.0317,0.1693,6033091.460999999,43443990.596
111,2017-06-12 00:00:00,闸北区,460-00-108064-1,下降,室外,城区道路,下行PRB平均利用率,0.0406,0.2093,6033091.460999999,43443990.596
112,2017-06-12 00:00:00,闸北区,460-00-108064-1,下降,室外,城区道路,无线利用率,0.039,0.1999,6033091.460999999,43443990.596
113,2017-06-14 00:00:00,闸北区,460-00-108064-1,下降,室外,城区道路,上行PRB平均利用率,0.0294,0.1693,5910034.368000003,43443990.596
114,2017-06-14 00:00:00,闸北区,460-00-108064-1,下降,室外,城区道路,下行PRB平均利用率,0.0409,0.2093,5910034.368000003,43443990.596
115,2017-06-14 00:00:00,闸北区,460-00-108064-1,下降,室外,城区道路,无线利用率,0.0388,0.1999,5910034.368000003,43443990.596
116,2017-06-11 00:00:00,闸北区,460-00-108066-2,稳步上升,室外,城区道路,E-RAB掉线率（小区级）,0.002227,0.000359,7237433.804,37568484.80800001
117,2017-06-11 00:00:00,闸北区,460-00-108066-2,稳步上升,室外,城区道路,异系统切换比,6.9e-05,0.0,7237433.804,37568484.80800001
118,2017-06-13 00:00:00,闸北区,460-00-108066-2,稳步上升,室外,城区道路,异系统切换比,0.000102,0.0,7548040.627,37568484.80800001
119,2017-06-16 00:00:00,闸北区,460-00-108066-2,稳步上升,室外,城区道路,E-RAB掉线率（小区级）,0.001882,0.000379,6701909.931,33725019.431
120,2017-06-11 00:00:00,闸北区,460-00-108087-11,下降,室外,城区道路,异系统切换比,0.0029690000000000003,1.6e-05,9638477.401,42723761.557
121,2017-06-12 00:00:00,闸北区,460-00-108087-11,下降,室外,城区道路,异系统切换比,0.002746,0.00010700000000000001,8393272.866999999,45400347.587
122,2017-06-14 00:00:00,闸北区,460-00-108087-11,下降,室外,城区道路,异系统切换比,0.002936,6.9e-05,7412315.215,42119428.244
123,2017-06-16 00:00:00,闸北区,460-00-108087-11,下降,室外,城区道路,异系统切换比,0.003868,8.8e-05,6837590.195,38123981.773
124,2017-06-12 00:00:00,闸北区,460-00-108192-5,下降,室外,城区道路,异系统切换比,0.002133,6.9e-05,6575144.384,42119428.244
125,2017-06-13 00:00:00,闸北区,460-00-108192-5,下降,室外,城区道路,异系统切换比,0.002175,6.9e-05,7938103.679,42119428.244
126,2017-06-16 00:00:00,闸北区,460-00-108192-5,下降,室外,城区道路,异系统切换比,0.0018059999999999999,0.000155,7662957.9169999985,45115033.588
127,2017-06-14 00:00:00,闸北区,460-00-108205-1,下降,室外,城区道路,下行PRB平均利用率,0.0382,0.2142,5511959.4120000005,28537745.063
128,2017-06-14 00:00:00,闸北区,460-00-108205-1,下降,室外,城区道路,无线利用率,0.0354,0.1825,5511959.4120000005,28537745.063
129,2017-06-16 00:00:00,闸北区,460-00-108205-1,下降,室外,城区道路,下行PRB平均利用率,0.0385,0.2142,5807483.7979999995,28537745.063
130,2017-06-16 00:00:00,闸北区,460-00-108205-1,下降,室外,城区道路,无线利用率,0.0357,0.1825,5807483.7979999995,28537745.063
131,2017-06-11 00:00:00,闸北区,460-00-108256-1,下降,室外,城区道路,下行PRB平均利用率,0.0475,0.2209,14847722.574000001,46935350.467
132,2017-06-11 00:00:00,闸北区,460-00-108256-1,下降,室外,城区道路,无线利用率,0.0484,0.2073,14847722.574000001,46935350.467
133,2017-06-12 00:00:00,闸北区,460-00-108256-1,下降,室外,城区道路,下行PRB平均利用率,0.0492,0.2209,15864220.597,46935350.467
134,2017-06-12 00:00:00,闸北区,460-00-108256-1,下降,室外,城区道路,无线利用率,0.0499,0.2073,15864220.597,46935350.467
135,2017-07-01 00:00:00,徐汇区,460-00-110405-33,下降,室内,地铁,E-RAB掉线率（小区级）,0.0020239999999999998,0.00037400000000000004,789234.73,22166575.839
136,2017-07-01 00:00:00,徐汇区,460-00-110405-33,下降,室内,地铁,自_上行体验速率_Eutrancell,0.555859,10.679314,789234.73,22166575.839
137,2017-07-01 00:00:00,徐汇区,460-00-110405-33,下降,室内,地铁,自_下行体验速率_Eutrancell,2.983142,62.778645,789234.73,22166575.839
138,2017-07-02 00:00:00,徐汇区,460-00-110405-33,下降,室内,地铁,上行用户平均速率,0.191394,1.296876,148694.494,17130152.465
139,2017-07-02 00:00:00,徐汇区,460-00-110405-33,下降,室内,地铁,自_上行体验速率_Eutrancell,0.102591,3.9071540000000002,148694.494,17130152.465
140,2017-07-02 00:00:00,徐汇区,460-00-110405-33,下降,室内,地铁,自_下行体验速率_Eutrancell,1.236373,63.391601,148694.494,17130152.465
141,2017-07-04 00:00:00,徐汇区,460-00-110405-33,下降,室内,地铁,上行用户平均速率,0.188424,1.8307,1251788.5690000001,31369119.74
142,2017-07-04 00:00:00,徐汇区,460-00-110405-33,下降,室内,地铁,自_上行体验速率_Eutrancell,0.23833600000000002,8.194776,1251788.5690000001,31369119.74
143,2017-07-04 00:00:00,徐汇区,460-00-110405-33,下降,室内,地铁,自_下行体验速率_Eutrancell,3.349621,115.97478100000001,1251788.5690000001,31369119.74
144,2017-07-05 00:00:00,徐汇区,460-00-110405-33,下降,室内,地铁,E-RAB掉线率（小区级）,0.001576,0.000336,2479296.26,31194723.254
145,2017-07-05 00:00:00,徐汇区,460-00-110405-33,下降,室内,地铁,上行用户平均速率,0.23120100000000002,3.1593,2479296.26,31194723.254
146,2017-07-05 00:00:00,徐汇区,460-00-110405-33,下降,室内,地铁,自_上行体验速率_Eutrancell,0.79908,12.559536,2479296.26,31194723.254
147,2017-07-05 00:00:00,徐汇区,460-00-110405-33,下降,室内,地铁,自_下行体验速率_Eutrancell,6.528308,134.273867,2479296.26,31194723.254
148,2017-06-30 00:00:00,徐汇区,460-00-110405-43,下降,室内,地铁,自_下行体验速率_Eutrancell,12.299657,99.49378399999999,2560491.035,22272984.165
149,2017-07-01 00:00:00,徐汇区,460-00-110405-43,下降,室内,地铁,下行初始HARQ重传比率,0.19245,0.042769,594134.1140000001,15174850.311
150,2017-07-01 00:00:00,徐汇区,460-00-110405-43,下降,室内,地铁,自_上行体验速率_Eutrancell,0.7456689999999999,10.303197,594134.1140000001,15174850.311
151,2017-07-01 00:00:00,徐汇区,460-00-110405-43,下降,室内,地铁,自_下行体验速率_Eutrancell,5.339405,93.846583,594134.1140000001,15174850.311
152,2017-07-02 00:00:00,徐汇区,460-00-110405-43,下降,室内,地铁,下行初始HARQ重传比率,0.589993,0.129153,47780.52099999999,9984093.549
153,2017-07-02 00:00:00,徐汇区,460-00-110405-43,下降,室内,地铁,自_上行体验速率_Eutrancell,0.132995,9.011650999999999,47780.52099999999,9984093.549
154,2017-07-02 00:00:00,徐汇区,460-00-110405-43,下降,室内,地铁,自_下行体验速率_Eutrancell,1.1049309999999999,95.327859,47780.52099999999,9984093.549
155,2017-07-04 00:00:00,徐汇区,460-00-110405-43,下降,室内,地铁,自_上行体验速率_Eutrancell,0.544525,8.575388,1224377.489,18843994.114
156,2017-07-04 00:00:00,徐汇区,460-00-110405-43,下降,室内,地铁,自_下行体验速率_Eutrancell,8.267786,148.915772,1224377.489,18843994.114
157,2017-06-09 00:00:00,浦东新区,460-00-110597-11,稳步上升,室外,郊区道路,上行初始HARQ重传比率,0.512355,0.10573099999999999,5837204.88,19365451.769
158,2017-06-09 00:00:00,浦东新区,460-00-110597-11,稳步上升,室外,郊区道路,下行64QAM编码比例,0.09490900000000001,0.44213199999999997,5837204.88,19365451.769
159,2017-06-11 00:00:00,浦东新区,460-00-110597-11,稳步上升,室外,郊区道路,上行初始HARQ重传比率,0.510414,0.115837,7485548.196,24460423.484
160,2017-06-11 00:00:00,浦东新区,460-00-110597-11,稳步上升,室外,郊区道路,下行64QAM编码比例,0.07308400000000001,0.49980699999999995,7485548.196,24460423.484
161,2017-06-12 00:00:00,普陀区,460-00-111664-33,下降,室内,写字楼,上行用户平均速率,0.10569300000000001,0.49215299999999995,7267112.962999999,86542722.2
162,2017-06-12 00:00:00,普陀区,460-00-111664-33,下降,室内,写字楼,自_LTE参考信号接收功率>=-110_Eutrancell,7854.0,1453896.0,7267112.962999999,86542722.2
163,2017-06-27 00:00:00,普陀区,460-00-111664-33,下降,室内,写字楼,上行用户平均速率,0.186366,1.7592740000000002,7061944.731000002,28221911.164
164,2017-06-27 00:00:00,普陀区,460-00-111664-33,下降,室内,写字楼,自_LTE参考信号接收功率>=-110_Eutrancell,6742.0,135482.0,7061944.731000002,28221911.164
165,2017-06-03 00:00:00,普陀区,460-00-111804-33,下降,室内,商业中心,E-RAB掉线率（小区级）,0.00041500000000000017,4.6e-05,4314984.612,21146052.704
166,2017-06-03 00:00:00,普陀区,460-00-111804-33,下降,室内,商业中心,上行64QAM编码比例,0.0,0.007571,4314984.612,21146052.704
167,2017-06-03 00:00:00,普陀区,460-00-111804-33,下降,室内,商业中心,自_LTE参考信号接收功率>=-110_Eutrancell,108894.0,460525.0,4314984.612,21146052.704
168,2017-06-03 00:00:00,普陀区,460-00-111804-33,下降,室内,商业中心,下行双流流量占比,0.0,0.49951,4314984.612,21146052.704
169,2017-06-04 00:00:00,普陀区,460-00-111804-33,下降,室内,商业中心,异系统切换比,0.003237,0.00055,4437079.992,24120444.003
170,2017-06-04 00:00:00,普陀区,460-00-111804-33,下降,室内,商业中心,上行64QAM编码比例,0.0,0.00793,4437079.992,24120444.003
171,2017-06-05 00:00:00,普陀区,460-00-111804-33,下降,室内,商业中心,E-RAB掉线率（小区级）,0.000276,6.6e-05,2542020.88,20117750.997
172,2017-06-05 00:00:00,普陀区,460-00-111804-33,下降,室内,商业中心,异系统切换比,0.0016460000000000001,0.0,2542020.88,20117750.997
173,2017-06-05 00:00:00,普陀区,460-00-111804-33,下降,室内,商业中心,上行64QAM编码比例,0.0,0.005259000000000001,2542020.88,20117750.997
174,2017-06-05 00:00:00,普陀区,460-00-111804-33,下降,室内,商业中心,自_下行体验速率_Eutrancell,12.773146,52.799979,2542020.88,20117750.997
175,2017-06-05 00:00:00,普陀区,460-00-111804-33,下降,室内,商业中心,下行双流流量占比,0.0,0.496237,2542020.88,20117750.997
176,2017-06-06 00:00:00,普陀区,460-00-111804-33,下降,室内,商业中心,E-RAB掉线率（小区级）,0.000304,4.6e-05,3523233.789,21146052.704
177,2017-06-06 00:00:00,普陀区,460-00-111804-33,下降,室内,商业中心,上行64QAM编码比例,0.0,0.007571,3523233.789,21146052.704
178,2017-06-06 00:00:00,普陀区,460-00-111804-33,下降,室内,商业中心,自_LTE参考信号接收功率>=-110_Eutrancell,111803.0,460525.0,3523233.789,21146052.704
179,2017-06-06 00:00:00,普陀区,460-00-111804-33,下降,室内,商业中心,下行双流流量占比,0.0,0.49951,3523233.789,21146052.704
180,2017-06-08 00:00:00,普陀区,460-00-111804-33,下降,室内,商业中心,E-RAB掉线率（小区级）,0.00045999999999999996,4.6e-05,3629487.896,21146052.704
181,2017-06-08 00:00:00,普陀区,460-00-111804-33,下降,室内,商业中心,上行64QAM编码比例,0.0,0.007571,3629487.896,21146052.704
182,2017-06-08 00:00:00,普陀区,460-00-111804-33,下降,室内,商业中心,上行用户平均速率,0.390803,1.676826,3629487.896,21146052.704
183,2017-06-08 00:00:00,普陀区,460-00-111804-33,下降,室内,商业中心,下行双流流量占比,0.0,0.49951,3629487.896,21146052.704
184,2017-06-10 00:00:00,普陀区,460-00-111804-33,下降,室内,商业中心,下行PRB平均利用率,0.0323,0.2,4726922.047,28689115.99400001
185,2017-06-10 00:00:00,普陀区,460-00-111804-33,下降,室内,商业中心,无线利用率,0.0408,0.193,4726922.047,28689115.99400001
186,2017-06-11 00:00:00,普陀区,460-00-111804-33,下降,室内,商业中心,下行PRB平均利用率,0.0323,0.2,4780360.228,28689115.99400001
187,2017-06-11 00:00:00,普陀区,460-00-111804-33,下降,室内,商业中心,无线利用率,0.0411,0.193,4780360.228,28689115.99400001
188,2017-06-17 00:00:00,普陀区,460-00-111804-33,下降,室内,商业中心,异系统切换比,0.003026,0.0,4332078.481000002,21776817.599
189,2017-06-17 00:00:00,普陀区,460-00-111804-33,下降,室内,商业中心,上行用户平均速率,0.447229,2.4626349999999997,4332078.481000002,21776817.599
190,2017-06-17 00:00:00,普陀区,460-00-111804-33,下降,室内,商业中心,自_LTE参考信号接收功率>=-110_Eutrancell,121044.0,488185.0,4332078.481000002,21776817.599
191,2017-06-18 00:00:00,普陀区,460-00-111804-33,下降,室内,商业中心,下行PRB平均利用率,0.0355,0.2,4216184.037,28689115.99400001
192,2017-06-18 00:00:00,普陀区,460-00-111804-33,下降,室内,商业中心,无线利用率,0.043,0.193,4216184.037,28689115.99400001
193,2017-06-20 00:00:00,普陀区,460-00-111804-33,下降,室内,商业中心,E-RAB掉线率（小区级）,0.016076,0.000496,2833490.062,22761354.43900001
194,2017-06-20 00:00:00,普陀区,460-00-111804-33,下降,室内,商业中心,自_下行体验速率_Eutrancell,11.446099,88.222953,2833490.062,22761354.43900001
195,2017-06-24 00:00:00,普陀区,460-00-111804-33,下降,室内,商业中心,下行PRB平均利用率,0.0352,0.2,4594172.393,28689115.99400001
196,2017-06-24 00:00:00,普陀区,460-00-111804-33,下降,室内,商业中心,无线利用率,0.0426,0.193,4594172.393,28689115.99400001
197,2017-06-25 00:00:00,普陀区,460-00-111804-33,下降,室内,商业中心,下行PRB平均利用率,0.0364,0.2,4140968.397,28689115.99400001
198,2017-06-25 00:00:00,普陀区,460-00-111804-33,下降,室内,商业中心,无线利用率,0.0434,0.193,4140968.397,28689115.99400001
199,2017-07-01 00:00:00,普陀区,460-00-111804-33,下降,室内,商业中心,E-RAB掉线率（小区级）,0.000735,0.000149,4090608.5330000003,21776817.599
200,2017-07-01 00:00:00,普陀区,460-00-111804-33,下降,室内,商业中心,异系统切换比,0.002774,0.0,4090608.5330000003,21776817.599
201,2017-07-01 00:00:00,普陀区,460-00-111804-33,下降,室内,商业中心,上行用户平均速率,0.375055,2.4626349999999997,4090608.5330000003,21776817.599
202,2017-07-01 00:00:00,普陀区,460-00-111804-33,下降,室内,商业中心,自_LTE参考信号接收功率>=-110_Eutrancell,117238.0,488185.0,4090608.5330000003,21776817.599
203,2017-07-02 00:00:00,普陀区,460-00-111804-33,下降,室内,商业中心,异系统切换比,0.003274,0.0,3686341.2260000003,21776817.599
204,2017-07-02 00:00:00,普陀区,460-00-111804-33,下降,室内,商业中心,上行用户平均速率,0.385979,2.4626349999999997,3686341.2260000003,21776817.599
205,2017-07-02 00:00:00,普陀区,460-00-111804-33,下降,室内,商业中心,自_LTE参考信号接收功率>=-110_Eutrancell,120453.0,488185.0,3686341.2260000003,21776817.599
206,2017-07-02 00:00:00,普陀区,460-00-111804-33,下降,室内,商业中心,自_下行体验速率_Eutrancell,17.235326999999998,70.427254,3686341.2260000003,21776817.599
207,2017-07-04 00:00:00,普陀区,460-00-111804-33,下降,室内,商业中心,E-RAB掉线率（小区级）,0.000921,0.00011,2997703.3430000013,19198251.007
208,2017-07-04 00:00:00,普陀区,460-00-111804-33,下降,室内,商业中心,异系统切换比,0.005957,0.0,2997703.3430000013,19198251.007
209,2017-07-04 00:00:00,普陀区,460-00-111804-33,下降,室内,商业中心,上行64QAM编码比例,0.0,0.009956999999999999,2997703.3430000013,19198251.007
210,2017-07-04 00:00:00,普陀区,460-00-111804-33,下降,室内,商业中心,上行用户平均速率,0.386861,2.431493,2997703.3430000013,19198251.007
211,2017-07-04 00:00:00,普陀区,460-00-111804-33,下降,室内,商业中心,下行双流流量占比,0.0,0.6417609999999999,2997703.3430000013,19198251.007
212,2017-07-08 00:00:00,普陀区,460-00-111804-33,下降,室内,商业中心,E-RAB掉线率（小区级）,0.0005769999999999999,4.6e-05,4562977.609,21146052.704
213,2017-07-08 00:00:00,普陀区,460-00-111804-33,下降,室内,商业中心,上行64QAM编码比例,0.0,0.007571,4562977.609,21146052.704
214,2017-07-08 00:00:00,普陀区,460-00-111804-33,下降,室内,商业中心,下行双流流量占比,0.0,0.49951,4562977.609,21146052.704
215,2017-07-09 00:00:00,普陀区,460-00-111804-33,下降,室内,商业中心,E-RAB掉线率（小区级）,0.000534,4.6e-05,4329835.907,21146052.704
216,2017-07-09 00:00:00,普陀区,460-00-111804-33,下降,室内,商业中心,上行64QAM编码比例,0.0,0.007571,4329835.907,21146052.704
217,2017-07-09 00:00:00,普陀区,460-00-111804-33,下降,室内,商业中心,上行用户平均速率,0.417523,1.676826,4329835.907,21146052.704
218,2017-07-09 00:00:00,普陀区,460-00-111804-33,下降,室内,商业中心,下行双流流量占比,0.0,0.49951,4329835.907,21146052.704
219,2017-06-04 00:00:00,黄浦区,460-00-112828-34,稳步上升,室内,医院,E-RAB掉线率（小区级）,0.000785,8.499999999999999e-05,4560060.875,23560713.859
220,2017-06-04 00:00:00,黄浦区,460-00-112828-34,稳步上升,室内,医院,上行64QAM编码比例,0.0,0.024258000000000002,4560060.875,23560713.859
221,2017-06-17 00:00:00,黄浦区,460-00-112828-34,稳步上升,室内,医院,上行64QAM编码比例,0.0,0.0033729999999999997,5249900.58,22761418.813
222,2017-06-25 00:00:00,黄浦区,460-00-112828-34,稳步上升,室内,医院,异系统切换比,0.002859,0.000433,3951682.8210000005,18262534.791
223,2017-06-25 00:00:00,黄浦区,460-00-112828-34,稳步上升,室内,医院,上行64QAM编码比例,0.0,0.007238,3951682.8210000005,18262534.791
224,2017-07-02 00:00:00,黄浦区,460-00-112828-34,稳步上升,室内,医院,E-RAB掉线率（小区级）,0.0045590000000000006,0.000217,4144997.734,17270157.774
225,2017-07-02 00:00:00,黄浦区,460-00-112828-34,稳步上升,室内,医院,异系统切换比,0.0032630000000000003,0.0,4144997.734,17270157.774
226,2017-07-02 00:00:00,黄浦区,460-00-112828-34,稳步上升,室内,医院,上行64QAM编码比例,0.0,0.006679999999999999,4144997.734,17270157.774
227,2017-07-09 00:00:00,黄浦区,460-00-112828-34,稳步上升,室内,医院,异系统切换比,0.006725,0.000404,5914387.823,24580517.145
228,2017-06-02 00:00:00,浦东新区,460-00-114763-1,稳步上升,室外,其他,异系统切换比,0.003822,0.000522,6592025.6630000025,28359397.128000002
229,2017-06-02 00:00:00,浦东新区,460-00-114763-1,稳步上升,室外,其他,自_LTE参考信号接收功率>=-110_Eutrancell,29777.0,122581.0,6592025.6630000025,28359397.128000002
230,2017-06-06 00:00:00,浦东新区,460-00-114763-1,稳步上升,室外,其他,异系统切换比,0.004674,0.00011100000000000001,6788770.6209999975,40052465.888
231,2017-06-06 00:00:00,浦东新区,460-00-114763-1,稳步上升,室外,其他,自_LTE参考信号接收功率>=-110_Eutrancell,6802.0,116024.0,6788770.6209999975,40052465.888
232,2017-06-02 00:00:00,浦东新区,460-00-114763-11,稳步上升,室外,郊区道路,E-RAB平均建立时长,167.29166667,36.43478261,1422572.937,17609808.853
233,2017-06-02 00:00:00,浦东新区,460-00-114763-11,稳步上升,室外,郊区道路,异系统切换比,0.0017670000000000001,8.1e-05,1422572.937,17609808.853
234,2017-06-02 00:00:00,浦东新区,460-00-114763-11,稳步上升,室外,郊区道路,下行64QAM编码比例,0.034424,0.559664,1422572.937,17609808.853
235,2017-06-02 00:00:00,浦东新区,460-00-114763-11,稳步上升,室外,郊区道路,自_LTE参考信号接收功率>=-110_Eutrancell,14551.0,100679.0,1422572.937,17609808.853
236,2017-06-02 00:00:00,浦东新区,460-00-114763-11,稳步上升,室外,郊区道路,自_上行体验速率_Eutrancell,2.100978,10.436909,1422572.937,17609808.853
237,2017-06-03 00:00:00,浦东新区,460-00-114763-11,稳步上升,室外,郊区道路,E-RAB平均建立时长,270.375,34.33333333,1855272.519,12331767.557
238,2017-06-03 00:00:00,浦东新区,460-00-114763-11,稳步上升,室外,郊区道路,RRC连接平均建立时长,390.33333333,36.20833333,1855272.519,12331767.557
239,2017-06-03 00:00:00,浦东新区,460-00-114763-11,稳步上升,室外,郊区道路,异系统切换比,0.002689,0.000426,1855272.519,12331767.557
240,2017-06-03 00:00:00,浦东新区,460-00-114763-11,稳步上升,室外,郊区道路,下行64QAM编码比例,0.041305,0.239366,1855272.519,12331767.557
241,2017-06-03 00:00:00,浦东新区,460-00-114763-11,稳步上升,室外,郊区道路,自_LTE参考信号接收功率>=-110_Eutrancell,4226.0,105505.0,1855272.519,12331767.557
242,2017-06-03 00:00:00,浦东新区,460-00-114763-11,稳步上升,室外,郊区道路,自_上行体验速率_Eutrancell,1.302626,7.714457,1855272.519,12331767.557
243,2017-06-04 00:00:00,浦东新区,460-00-114763-11,稳步上升,室外,郊区道路,E-RAB平均建立时长,331.95833333,35.625,1777591.649,15297796.679000001
244,2017-06-04 00:00:00,浦东新区,460-00-114763-11,稳步上升,室外,郊区道路,RRC连接平均建立时长,521.45833333,37.20833333,1777591.649,15297796.679000001
245,2017-06-04 00:00:00,浦东新区,460-00-114763-11,稳步上升,室外,郊区道路,异系统切换比,0.0016600000000000002,0.000178,1777591.649,15297796.679000001
246,2017-06-04 00:00:00,浦东新区,460-00-114763-11,稳步上升,室外,郊区道路,下行64QAM编码比例,0.033382,0.290923,1777591.649,15297796.679000001
247,2017-06-04 00:00:00,浦东新区,460-00-114763-11,稳步上升,室外,郊区道路,自_LTE参考信号接收功率>=-110_Eutrancell,4955.0,105275.0,1777591.649,15297796.679000001
248,2017-06-04 00:00:00,浦东新区,460-00-114763-11,稳步上升,室外,郊区道路,自_上行体验速率_Eutrancell,1.291557,7.386064,1777591.649,15297796.679000001
249,2017-06-06 00:00:00,浦东新区,460-00-114763-11,稳步上升,室外,郊区道路,下行64QAM编码比例,0.048336000000000004,0.25419899999999995,1918161.577,11816557.182
250,2017-06-06 00:00:00,浦东新区,460-00-114763-11,稳步上升,室外,郊区道路,自_LTE参考信号接收功率>=-110_Eutrancell,4755.0,92680.0,1918161.577,11816557.182
251,2017-06-25 00:00:00,浦东新区,460-00-114802-33,下降,室外,其他,异系统切换比,0.005909,0.000941,6972435.592,41272084.541
252,2017-06-25 00:00:00,浦东新区,460-00-114802-33,下降,室外,其他,上行64QAM编码比例,0.0,0.010222,6972435.592,41272084.541
253,2017-06-25 00:00:00,浦东新区,460-00-114802-33,下降,室外,其他,上行用户平均速率,0.42767799999999995,1.7149889999999999,6972435.592,41272084.541
254,2017-06-25 00:00:00,浦东新区,460-00-114802-33,下降,室外,其他,无线掉线率,0.000165,0.000684,6972435.592,41272084.541
255,2017-06-25 00:00:00,浦东新区,460-00-114802-33,下降,室外,其他,下行双流流量占比,0.0,0.759323,6972435.592,41272084.541
256,2017-06-26 00:00:00,浦东新区,460-00-114802-33,下降,室外,其他,异系统切换比,0.006258,0.0014990000000000001,5255494.695,37673762.886
257,2017-06-26 00:00:00,浦东新区,460-00-114802-33,下降,室外,其他,无线掉线率,0.000223,0.001593,5255494.695,37673762.886
258,2017-06-26 00:00:00,浦东新区,460-00-114802-33,下降,室外,其他,自_下行体验速率_Eutrancell,23.163109,102.118584,5255494.695,37673762.886
259,2017-06-26 00:00:00,浦东新区,460-00-114802-33,下降,室外,其他,下行双流流量占比,0.0,0.5346850000000001,5255494.695,37673762.886
260,2017-06-28 00:00:00,浦东新区,460-00-114802-33,下降,室外,其他,异系统切换比,0.004161,0.000643,5942328.734,32615713.881
261,2017-06-28 00:00:00,浦东新区,460-00-114802-33,下降,室外,其他,上行64QAM编码比例,0.0,0.009715000000000001,5942328.734,32615713.881
262,2017-06-28 00:00:00,浦东新区,460-00-114802-33,下降,室外,其他,上行用户平均速率,0.47046899999999997,2.044457,5942328.734,32615713.881
263,2017-06-28 00:00:00,浦东新区,460-00-114802-33,下降,室外,其他,下行双流流量占比,0.0,0.777046,5942328.734,32615713.881
264,2017-06-30 00:00:00,浦东新区,460-00-114802-33,下降,室外,其他,异系统切换比,0.00435,0.000643,5139516.8040000005,32615713.881
265,2017-06-30 00:00:00,浦东新区,460-00-114802-33,下降,室外,其他,上行64QAM编码比例,0.0,0.009715000000000001,5139516.8040000005,32615713.881
266,2017-06-30 00:00:00,浦东新区,460-00-114802-33,下降,室外,其他,上行用户平均速率,0.445129,2.044457,5139516.8040000005,32615713.881
267,2017-06-30 00:00:00,浦东新区,460-00-114802-33,下降,室外,其他,无线掉线率,0.00018,0.000798,5139516.8040000005,32615713.881
268,2017-06-30 00:00:00,浦东新区,460-00-114802-33,下降,室外,其他,下行双流流量占比,0.0,0.777046,5139516.8040000005,32615713.881
269,2017-07-01 00:00:00,浦东新区,460-00-114802-33,下降,室外,其他,无线掉线率,0.000134,0.00078,6801480.210999999,33188406.264
270,2017-07-01 00:00:00,浦东新区,460-00-114802-33,下降,室外,其他,下行双流流量占比,0.0,0.697662,6801480.210999999,33188406.264
271,2017-07-02 00:00:00,浦东新区,460-00-114802-33,下降,室外,其他,异系统切换比,0.006997,0.000941,5880449.5139999995,41272084.541
272,2017-07-02 00:00:00,浦东新区,460-00-114802-33,下降,室外,其他,上行64QAM编码比例,0.0,0.010222,5880449.5139999995,41272084.541
273,2017-07-02 00:00:00,浦东新区,460-00-114802-33,下降,室外,其他,上行用户平均速率,0.40271399999999996,1.7149889999999999,5880449.5139999995,41272084.541
274,2017-07-02 00:00:00,浦东新区,460-00-114802-33,下降,室外,其他,无线掉线率,0.00011200000000000001,0.000684,5880449.5139999995,41272084.541
275,2017-07-02 00:00:00,浦东新区,460-00-114802-33,下降,室外,其他,下行双流流量占比,0.0,0.759323,5880449.5139999995,41272084.541
276,2017-07-03 00:00:00,浦东新区,460-00-114802-33,下降,室外,其他,异系统切换比,0.006293,0.000643,5919683.778,32615713.881
277,2017-07-03 00:00:00,浦东新区,460-00-114802-33,下降,室外,其他,上行64QAM编码比例,0.0,0.009715000000000001,5919683.778,32615713.881
278,2017-07-03 00:00:00,浦东新区,460-00-114802-33,下降,室外,其他,上行用户平均速率,0.405744,2.044457,5919683.778,32615713.881
279,2017-07-03 00:00:00,浦东新区,460-00-114802-33,下降,室外,其他,下行双流流量占比,0.0,0.777046,5919683.778,32615713.881
280,2017-07-04 00:00:00,浦东新区,460-00-114802-33,下降,室外,其他,异系统切换比,0.008232999999999999,0.000868,4934042.7020000005,37908892.975
281,2017-07-04 00:00:00,浦东新区,460-00-114802-33,下降,室外,其他,上行64QAM编码比例,0.0,0.01634,4934042.7020000005,37908892.975
282,2017-07-04 00:00:00,浦东新区,460-00-114802-33,下降,室外,其他,上行用户平均速率,0.398561,1.95495,4934042.7020000005,37908892.975
283,2017-07-04 00:00:00,浦东新区,460-00-114802-33,下降,室外,其他,下行双流流量占比,0.0,0.804374,4934042.7020000005,37908892.975
284,2017-07-05 00:00:00,浦东新区,460-00-114802-33,下降,室外,其他,无线掉线率,0.000146,0.002157,5165754.886,36274260.614
285,2017-07-05 00:00:00,浦东新区,460-00-114802-33,下降,室外,其他,自_下行体验速率_Eutrancell,18.606966,78.57136899999998,5165754.886,36274260.614
286,2017-07-05 00:00:00,浦东新区,460-00-114802-33,下降,室外,其他,下行双流流量占比,0.0,0.687905,5165754.886,36274260.614
287,2017-07-06 00:00:00,浦东新区,460-00-114802-33,下降,室外,其他,异系统切换比,0.0038840000000000003,0.000425,6286630.8429999985,33114592.058000002
288,2017-07-06 00:00:00,浦东新区,460-00-114802-33,下降,室外,其他,上行64QAM编码比例,0.0,0.011095,6286630.8429999985,33114592.058000002
289,2017-07-06 00:00:00,浦东新区,460-00-114802-33,下降,室外,其他,上行用户平均速率,0.36688699999999996,2.415304,6286630.8429999985,33114592.058000002
290,2017-07-06 00:00:00,浦东新区,460-00-114802-33,下降,室外,其他,无线掉线率,0.000129,0.000584,6286630.8429999985,33114592.058000002
291,2017-07-06 00:00:00,浦东新区,460-00-114802-33,下降,室外,其他,下行双流流量占比,0.0,0.811064,6286630.8429999985,33114592.058000002
292,2017-07-07 00:00:00,浦东新区,460-00-114802-33,下降,室外,其他,异系统切换比,0.011712,0.0,5130257.677999998,27308147.229
293,2017-07-07 00:00:00,浦东新区,460-00-114802-33,下降,室外,其他,上行64QAM编码比例,0.0,0.027357,5130257.677999998,27308147.229
294,2017-07-07 00:00:00,浦东新区,460-00-114802-33,下降,室外,其他,上行用户平均速率,0.349667,3.077814,5130257.677999998,27308147.229
295,2017-07-07 00:00:00,浦东新区,460-00-114802-33,下降,室外,其他,自_下行体验速率_Eutrancell,21.680232,112.671026,5130257.677999998,27308147.229
296,2017-07-07 00:00:00,浦东新区,460-00-114802-33,下降,室外,其他,下行双流流量占比,0.0,0.697554,5130257.677999998,27308147.229
297,2017-07-08 00:00:00,浦东新区,460-00-114802-33,下降,室外,其他,异系统切换比,0.004412,0.000868,6041281.232000002,37908892.975
298,2017-07-08 00:00:00,浦东新区,460-00-114802-33,下降,室外,其他,上行64QAM编码比例,0.0,0.01634,6041281.232000002,37908892.975
299,2017-07-08 00:00:00,浦东新区,460-00-114802-33,下降,室外,其他,上行用户平均速率,0.35341,1.95495,6041281.232000002,37908892.975
300,2017-07-08 00:00:00,浦东新区,460-00-114802-33,下降,室外,其他,下行双流流量占比,0.0,0.804374,6041281.232000002,37908892.975
301,2017-07-09 00:00:00,浦东新区,460-00-114802-33,下降,室外,其他,无线掉线率,0.00018700000000000002,0.00078,8846879.322999999,33188406.264
302,2017-07-09 00:00:00,浦东新区,460-00-114802-33,下降,室外,其他,下行双流流量占比,0.0,0.697662,8846879.322999999,33188406.264
303,2017-07-10 00:00:00,浦东新区,460-00-114802-33,下降,室外,其他,无线掉线率,0.000212,0.002157,5435069.8829999985,36274260.614
304,2017-07-10 00:00:00,浦东新区,460-00-114802-33,下降,室外,其他,下行双流流量占比,0.0,0.687905,5435069.8829999985,36274260.614
305,2017-07-12 00:00:00,浦东新区,460-00-114802-33,下降,室外,其他,无线掉线率,0.000333,0.002157,6419226.611000001,36274260.614
306,2017-07-12 00:00:00,浦东新区,460-00-114802-33,下降,室外,其他,下行双流流量占比,0.0,0.687905,6419226.611000001,36274260.614
307,2017-06-01 00:00:00,南汇区,460-00-115315-11,下降,室内,商业中心,自_LTE参考信号接收功率>=-110_Eutrancell,113344.0,583591.0,6556215.846,27887576.1
308,2017-06-01 00:00:00,南汇区,460-00-115315-11,下降,室内,商业中心,下行双流流量占比,0.0,0.001099,6556215.846,27887576.1
309,2017-06-03 00:00:00,南汇区,460-00-115315-11,下降,室内,商业中心,上行64QAM编码比例,0.0,0.0026620000000000003,6748386.082,30167670.479000002
310,2017-06-04 00:00:00,南汇区,460-00-115315-11,下降,室内,商业中心,自_LTE参考信号接收功率>=-110_Eutrancell,114112.0,762265.0,8237924.302,34641141.255
311,2017-06-04 00:00:00,南汇区,460-00-115315-11,下降,室内,商业中心,下行双流流量占比,0.0,0.00218,8237924.302,34641141.255
312,2017-06-07 00:00:00,南汇区,460-00-115315-11,下降,室内,商业中心,自_LTE参考信号接收功率>=-110_Eutrancell,113231.0,583591.0,6097702.705,27887576.1
313,2017-06-07 00:00:00,南汇区,460-00-115315-11,下降,室内,商业中心,自_下行体验速率_Eutrancell,19.0809,77.98898299999998,6097702.705,27887576.1
314,2017-06-07 00:00:00,南汇区,460-00-115315-11,下降,室内,商业中心,下行双流流量占比,0.0,0.001099,6097702.705,27887576.1
315,2017-06-08 00:00:00,南汇区,460-00-115315-11,下降,室内,商业中心,上行64QAM编码比例,0.0,0.007804999999999999,6432577.772999999,30946235.732
316,2017-06-10 00:00:00,南汇区,460-00-115315-11,下降,室内,商业中心,小区用户面下行平均时延,51.3304,11.1297,9744114.981,31778117.91300001
317,2017-06-10 00:00:00,南汇区,460-00-115315-11,下降,室内,商业中心,上行64QAM编码比例,0.0,0.012925,9744114.981,31778117.91300001
318,2017-06-10 00:00:00,南汇区,460-00-115315-11,下降,室内,商业中心,自_LTE参考信号接收功率>=-110_Eutrancell,110228.0,574698.0,9744114.981,31778117.91300001
319,2017-06-11 00:00:00,南汇区,460-00-115315-11,下降,室内,商业中心,下行双流流量占比,0.0,0.00433,9197603.702,31623869.711
320,2017-06-12 00:00:00,南汇区,460-00-115315-11,下降,室内,商业中心,小区用户面下行平均时延,60.5966,9.5551,7742109.13,30777697.805
321,2017-06-12 00:00:00,南汇区,460-00-115315-11,下降,室内,商业中心,上行64QAM编码比例,0.0,0.008715,7742109.13,30777697.805
322,2017-06-12 00:00:00,南汇区,460-00-115315-11,下降,室内,商业中心,自_LTE参考信号接收功率>=-110_Eutrancell,117385.0,506435.0,7742109.13,30777697.805
323,2017-06-16 00:00:00,南汇区,460-00-115315-11,下降,室内,商业中心,小区用户面下行平均时延,110.5611,10.479,7274985.2919999985,28010278.29000001
324,2017-06-17 00:00:00,南汇区,460-00-115315-11,下降,室内,商业中心,小区用户面下行平均时延,90.6175,17.4084,8478335.154,34050048.415
325,2017-06-17 00:00:00,南汇区,460-00-115315-11,下降,室内,商业中心,上行64QAM编码比例,0.0,0.010698000000000001,8478335.154,34050048.415
326,2017-06-18 00:00:00,南汇区,460-00-115315-11,下降,室内,商业中心,下行双流流量占比,0.0,0.00433,10350826.646,31623869.711
327,2017-06-24 00:00:00,南汇区,460-00-115315-11,下降,室内,商业中心,上行64QAM编码比例,0.0,0.0026620000000000003,8826500.677000001,30167670.479000002
328,2017-06-25 00:00:00,南汇区,460-00-115315-11,下降,室内,商业中心,小区用户面下行平均时延,77.2846,18.4104,7324915.712999999,30167670.479000002
329,2017-06-25 00:00:00,南汇区,460-00-115315-11,下降,室内,商业中心,上行64QAM编码比例,0.0,0.0026620000000000003,7324915.712999999,30167670.479000002
330,2017-06-26 00:00:00,南汇区,460-00-115315-11,下降,室内,商业中心,小区用户面下行平均时延,76.8156,16.3556,6725419.751,27346160.036
331,2017-06-26 00:00:00,南汇区,460-00-115315-11,下降,室内,商业中心,上行64QAM编码比例,0.0,0.028145,6725419.751,27346160.036
332,2017-06-30 00:00:00,南汇区,460-00-115315-11,下降,室内,商业中心,小区用户面下行平均时延,99.5826,13.6132,6802456.978999998,30782407.312
333,2017-06-30 00:00:00,南汇区,460-00-115315-11,下降,室内,商业中心,异系统切换比,0.001198,0.000239,6802456.978999998,30782407.312
334,2017-06-30 00:00:00,南汇区,460-00-115315-11,下降,室内,商业中心,上行64QAM编码比例,0.0,0.02079,6802456.978999998,30782407.312
335,2017-06-30 00:00:00,南汇区,460-00-115315-11,下降,室内,商业中心,自_下行体验速率_Eutrancell,20.853236,84.188275,6802456.978999998,30782407.312
336,2017-07-01 00:00:00,南汇区,460-00-115315-11,下降,室内,商业中心,小区用户面下行平均时延,61.9161,15.0752,7783482.525,29406377.718000002
337,2017-07-01 00:00:00,南汇区,460-00-115315-11,下降,室内,商业中心,异系统切换比,0.000625,4.7e-05,7783482.525,29406377.718000002
338,2017-07-02 00:00:00,南汇区,460-00-115315-11,下降,室内,商业中心,小区用户面下行平均时延,96.7645,9.427,8147403.905999999,28541934.173
339,2017-07-02 00:00:00,南汇区,460-00-115315-11,下降,室内,商业中心,上行64QAM编码比例,0.0,0.019169,8147403.905999999,28541934.173
340,2017-07-04 00:00:00,南汇区,460-00-115315-11,下降,室内,商业中心,小区用户面下行平均时延,83.8047,9.2567,12372732.14,44723727.282
341,2017-07-04 00:00:00,南汇区,460-00-115315-11,下降,室内,商业中心,上行64QAM编码比例,0.0,0.006615,12372732.14,44723727.282
342,2017-07-05 00:00:00,南汇区,460-00-115315-11,下降,室内,商业中心,小区用户面下行平均时延,49.157,9.427,9253509.829,28541934.173
343,2017-07-05 00:00:00,南汇区,460-00-115315-11,下降,室内,商业中心,上行64QAM编码比例,0.0,0.019169,9253509.829,28541934.173
344,2017-07-06 00:00:00,南汇区,460-00-115315-11,下降,室内,商业中心,下行双流流量占比,0.0,0.00218,9357202.28,34641141.255
345,2017-07-07 00:00:00,南汇区,460-00-115315-11,下降,室内,商业中心,小区用户面下行平均时延,38.778,9.427,8906351.62,28541934.173
346,2017-07-07 00:00:00,南汇区,460-00-115315-11,下降,室内,商业中心,上行64QAM编码比例,0.0,0.019169,8906351.62,28541934.173
347,2017-07-08 00:00:00,南汇区,460-00-115315-11,下降,室内,商业中心,下行双流流量占比,0.0,0.00433,9786193.661,31623869.711
348,2017-07-11 00:00:00,南汇区,460-00-115315-11,下降,室内,商业中心,上行64QAM编码比例,0.0,0.018824,8135843.429,28891795.649
349,2017-06-05 00:00:00,普陀区,460-00-115723-11,下降,室外,城区道路,自_LTE参考信号接收功率>=-110_Eutrancell,16714.0,95329.0,6306651.5699999975,46127411.086
350,2017-06-12 00:00:00,普陀区,460-00-115723-11,下降,室外,城区道路,自_LTE参考信号接收功率>=-110_Eutrancell,9870.0,110681.0,7617717.857000002,42119428.244
351,2017-06-03 00:00:00,普陀区,460-00-115856-33,下降,室内,写字楼,下行双流流量占比,0.0,0.0011099999999999999,5603370.978999998,23394901.735
352,2017-06-05 00:00:00,普陀区,460-00-115856-33,下降,室内,写字楼,下行双流流量占比,0.0,0.003273,4474466.239,22424057.969
353,2017-06-19 00:00:00,金山区,460-00-118380-13,下降,室外,低层居民区,自_LTE参考信号接收功率>=-110_Eutrancell,97494.0,582072.0,7252424.272000001,26863971.029
354,2017-06-20 00:00:00,金山区,460-00-118380-13,下降,室外,低层居民区,自_LTE参考信号接收功率>=-110_Eutrancell,97127.0,582072.0,8160166.111,26863971.029
355,2017-06-19 00:00:00,金山区,460-00-118382-11,下降,室外,其他,E-RAB掉线率（小区级）,0.002147,0.0005099999999999999,6518548.982999999,33114592.058000002
356,2017-06-19 00:00:00,金山区,460-00-118382-11,下降,室外,其他,上行64QAM编码比例,0.0,0.011095,6518548.982999999,33114592.058000002
357,2017-06-20 00:00:00,金山区,460-00-118382-11,下降,室外,其他,E-RAB掉线率（小区级）,0.004275,0.000215,4726009.469,27308147.229
358,2017-06-20 00:00:00,金山区,460-00-118382-11,下降,室外,其他,上行64QAM编码比例,0.0,0.027357,4726009.469,27308147.229
359,2017-06-01 00:00:00,金山区,460-00-118394-12,下降,室外,其他,上行初始HARQ重传比率,0.286959,0.042020999999999996,357551.385,21927581.781
360,2017-06-01 00:00:00,金山区,460-00-118394-12,下降,室外,其他,下行PRB平均利用率,0.0159,0.0723,357551.385,21927581.781
361,2017-06-01 00:00:00,金山区,460-00-118394-12,下降,室外,其他,下行64QAM编码比例,0.019337,0.564882,357551.385,21927581.781
362,2017-06-01 00:00:00,金山区,460-00-118394-12,下降,室外,其他,下行每PRB平均吞吐量,0.0725,0.4066,357551.385,21927581.781
363,2017-06-01 00:00:00,金山区,460-00-118394-12,下降,室外,其他,自_下行体验速率_Eutrancell,18.974286,105.59211200000001,357551.385,21927581.781
364,2017-06-01 00:00:00,金山区,460-00-118394-12,下降,室外,其他,下行双流流量占比,0.11635,0.807904,357551.385,21927581.781
365,2017-06-01 00:00:00,金山区,460-00-118394-12,下降,室外,其他,无线利用率,0.0159,0.0682,357551.385,21927581.781
366,2017-06-01 00:00:00,金山区,460-00-118394-12,下降,室外,其他,PDCCH信道CCE占用率,0.012799,0.064772,357551.385,21927581.781
367,2017-06-02 00:00:00,金山区,460-00-118394-12,下降,室外,其他,上行初始HARQ重传比率,0.18532300000000002,0.042020999999999996,218961.771,21927581.781
368,2017-06-02 00:00:00,金山区,460-00-118394-12,下降,室外,其他,下行PRB平均利用率,0.0173,0.0723,218961.771,21927581.781
369,2017-06-02 00:00:00,金山区,460-00-118394-12,下降,室外,其他,下行64QAM编码比例,0.016312,0.564882,218961.771,21927581.781
370,2017-06-02 00:00:00,金山区,460-00-118394-12,下降,室外,其他,下行每PRB平均吞吐量,0.0595,0.4066,218961.771,21927581.781
371,2017-06-02 00:00:00,金山区,460-00-118394-12,下降,室外,其他,下行用户平均速率,2.754884,14.494879000000001,218961.771,21927581.781
372,2017-06-02 00:00:00,金山区,460-00-118394-12,下降,室外,其他,自_下行体验速率_Eutrancell,12.123533,105.59211200000001,218961.771,21927581.781
373,2017-06-02 00:00:00,金山区,460-00-118394-12,下降,室外,其他,下行双流流量占比,0.117968,0.807904,218961.771,21927581.781
374,2017-06-02 00:00:00,金山区,460-00-118394-12,下降,室外,其他,无线利用率,0.0166,0.0682,218961.771,21927581.781
375,2017-06-02 00:00:00,金山区,460-00-118394-12,下降,室外,其他,PDCCH信道CCE占用率,0.012863,0.064772,218961.771,21927581.781
376,2017-06-03 00:00:00,金山区,460-00-118394-12,下降,室外,其他,上行初始HARQ重传比率,0.212446,0.042020999999999996,430204.629,21927581.781
377,2017-06-03 00:00:00,金山区,460-00-118394-12,下降,室外,其他,小区用户面下行平均时延,118.5352,22.2473,430204.629,21927581.781
378,2017-06-03 00:00:00,金山区,460-00-118394-12,下降,室外,其他,上行PRB平均利用率,0.0118,0.0499,430204.629,21927581.781
379,2017-06-03 00:00:00,金山区,460-00-118394-12,下降,室外,其他,下行64QAM编码比例,0.009762999999999999,0.564882,430204.629,21927581.781
380,2017-06-03 00:00:00,金山区,460-00-118394-12,下降,室外,其他,下行每PRB平均吞吐量,0.0921,0.4066,430204.629,21927581.781
381,2017-06-03 00:00:00,金山区,460-00-118394-12,下降,室外,其他,下行双流流量占比,0.12904000000000002,0.807904,430204.629,21927581.781
382,2017-06-03 00:00:00,金山区,460-00-118394-12,下降,室外,其他,PDCCH信道CCE占用率,0.012135,0.064772,430204.629,21927581.781
383,2017-06-04 00:00:00,金山区,460-00-118394-12,下降,室外,其他,上行初始HARQ重传比率,0.222568,0.042020999999999996,506032.823,21927581.781
384,2017-06-04 00:00:00,金山区,460-00-118394-12,下降,室外,其他,异系统切换比,0.000176,0.0,506032.823,21927581.781
385,2017-06-04 00:00:00,金山区,460-00-118394-12,下降,室外,其他,下行64QAM编码比例,0.029174000000000002,0.564882,506032.823,21927581.781
386,2017-06-04 00:00:00,金山区,460-00-118394-12,下降,室外,其他,下行每PRB平均吞吐量,0.0894,0.4066,506032.823,21927581.781
387,2017-06-04 00:00:00,金山区,460-00-118394-12,下降,室外,其他,下行双流流量占比,0.146731,0.807904,506032.823,21927581.781
388,2017-06-04 00:00:00,金山区,460-00-118394-12,下降,室外,其他,PDCCH信道CCE占用率,0.012995,0.064772,506032.823,21927581.781
389,2017-06-07 00:00:00,金山区,460-00-118394-12,下降,室外,其他,上行初始HARQ重传比率,0.28088,0.042020999999999996,380784.654,21927581.781
390,2017-06-07 00:00:00,金山区,460-00-118394-12,下降,室外,其他,异系统切换比,0.000712,0.0,380784.654,21927581.781
391,2017-06-07 00:00:00,金山区,460-00-118394-12,下降,室外,其他,下行PRB平均利用率,0.0171,0.0723,380784.654,21927581.781
392,2017-06-07 00:00:00,金山区,460-00-118394-12,下降,室外,其他,下行64QAM编码比例,0.015481,0.564882,380784.654,21927581.781
393,2017-06-07 00:00:00,金山区,460-00-118394-12,下降,室外,其他,下行每PRB平均吞吐量,0.0645,0.4066,380784.654,21927581.781
394,2017-06-07 00:00:00,金山区,460-00-118394-12,下降,室外,其他,下行用户平均速率,3.590101,14.494879000000001,380784.654,21927581.781
395,2017-06-07 00:00:00,金山区,460-00-118394-12,下降,室外,其他,自_下行体验速率_Eutrancell,22.354497,105.59211200000001,380784.654,21927581.781
396,2017-06-07 00:00:00,金山区,460-00-118394-12,下降,室外,其他,下行双流流量占比,0.135224,0.807904,380784.654,21927581.781
397,2017-06-07 00:00:00,金山区,460-00-118394-12,下降,室外,其他,无线利用率,0.0169,0.0682,380784.654,21927581.781
398,2017-06-07 00:00:00,金山区,460-00-118394-12,下降,室外,其他,PDCCH信道CCE占用率,0.012762,0.064772,380784.654,21927581.781
399,2017-06-08 00:00:00,金山区,460-00-118394-12,下降,室外,其他,上行初始HARQ重传比率,0.292313,0.042020999999999996,534473.795,21927581.781
400,2017-06-08 00:00:00,金山区,460-00-118394-12,下降,室外,其他,异系统切换比,0.000167,0.0,534473.795,21927581.781
401,2017-06-08 00:00:00,金山区,460-00-118394-12,下降,室外,其他,下行PRB平均利用率,0.0172,0.0723,534473.795,21927581.781
402,2017-06-08 00:00:00,金山区,460-00-118394-12,下降,室外,其他,下行64QAM编码比例,0.021824,0.564882,534473.795,21927581.781
403,2017-06-08 00:00:00,金山区,460-00-118394-12,下降,室外,其他,下行每PRB平均吞吐量,0.0849,0.4066,534473.795,21927581.781
404,2017-06-08 00:00:00,金山区,460-00-118394-12,下降,室外,其他,下行双流流量占比,0.153579,0.807904,534473.795,21927581.781
405,2017-06-08 00:00:00,金山区,460-00-118394-12,下降,室外,其他,无线利用率,0.017,0.0682,534473.795,21927581.781
406,2017-06-08 00:00:00,金山区,460-00-118394-12,下降,室外,其他,PDCCH信道CCE占用率,0.012371,0.064772,534473.795,21927581.781
407,2017-06-10 00:00:00,金山区,460-00-118394-12,下降,室外,其他,上行初始HARQ重传比率,0.247646,0.042020999999999996,276718.18,21927581.781
408,2017-06-10 00:00:00,金山区,460-00-118394-12,下降,室外,其他,异系统切换比,0.000312,0.0,276718.18,21927581.781
409,2017-06-10 00:00:00,金山区,460-00-118394-12,下降,室外,其他,下行PRB平均利用率,0.015,0.0723,276718.18,21927581.781
410,2017-06-10 00:00:00,金山区,460-00-118394-12,下降,室外,其他,下行64QAM编码比例,0.008766,0.564882,276718.18,21927581.781
411,2017-06-10 00:00:00,金山区,460-00-118394-12,下降,室外,其他,下行每PRB平均吞吐量,0.0682,0.4066,276718.18,21927581.781
412,2017-06-10 00:00:00,金山区,460-00-118394-12,下降,室外,其他,下行用户平均速率,3.4532510000000003,14.494879000000001,276718.18,21927581.781
413,2017-06-10 00:00:00,金山区,460-00-118394-12,下降,室外,其他,自_下行体验速率_Eutrancell,19.542145,105.59211200000001,276718.18,21927581.781
414,2017-06-10 00:00:00,金山区,460-00-118394-12,下降,室外,其他,下行双流流量占比,0.118844,0.807904,276718.18,21927581.781
415,2017-06-10 00:00:00,金山区,460-00-118394-12,下降,室外,其他,无线利用率,0.0146,0.0682,276718.18,21927581.781
416,2017-06-10 00:00:00,金山区,460-00-118394-12,下降,室外,其他,PDCCH信道CCE占用率,0.0112,0.064772,276718.18,21927581.781
417,2017-06-11 00:00:00,金山区,460-00-118394-12,下降,室外,其他,上行初始HARQ重传比率,0.267989,0.042020999999999996,500383.64,21927581.781
418,2017-06-11 00:00:00,金山区,460-00-118394-12,下降,室外,其他,异系统切换比,0.0007570000000000001,0.0,500383.64,21927581.781
419,2017-06-11 00:00:00,金山区,460-00-118394-12,下降,室外,其他,下行PRB平均利用率,0.0169,0.0723,500383.64,21927581.781
420,2017-06-11 00:00:00,金山区,460-00-118394-12,下降,室外,其他,下行64QAM编码比例,0.029074000000000006,0.564882,500383.64,21927581.781
421,2017-06-11 00:00:00,金山区,460-00-118394-12,下降,室外,其他,下行每PRB平均吞吐量,0.0995,0.4066,500383.64,21927581.781
422,2017-06-11 00:00:00,金山区,460-00-118394-12,下降,室外,其他,下行双流流量占比,0.111527,0.807904,500383.64,21927581.781
423,2017-06-11 00:00:00,金山区,460-00-118394-12,下降,室外,其他,无线利用率,0.0167,0.0682,500383.64,21927581.781
424,2017-06-11 00:00:00,金山区,460-00-118394-12,下降,室外,其他,PDCCH信道CCE占用率,0.012601000000000001,0.064772,500383.64,21927581.781
425,2017-06-13 00:00:00,金山区,460-00-118394-12,下降,室外,其他,上行初始HARQ重传比率,0.238802,0.047996,344307.68,22572577.998000003
426,2017-06-13 00:00:00,金山区,460-00-118394-12,下降,室外,其他,小区用户面下行平均时延,233.8928,19.1627,344307.68,22572577.998000003
427,2017-06-13 00:00:00,金山区,460-00-118394-12,下降,室外,其他,下行PRB平均利用率,0.0157,0.0711,344307.68,22572577.998000003
428,2017-06-13 00:00:00,金山区,460-00-118394-12,下降,室外,其他,下行64QAM编码比例,0.016977000000000003,0.5556949999999999,344307.68,22572577.998000003
429,2017-06-13 00:00:00,金山区,460-00-118394-12,下降,室外,其他,下行每PRB平均吞吐量,0.0835,0.4301,344307.68,22572577.998000003
430,2017-06-13 00:00:00,金山区,460-00-118394-12,下降,室外,其他,下行双流流量占比,0.074051,0.7732640000000001,344307.68,22572577.998000003
431,2017-06-13 00:00:00,金山区,460-00-118394-12,下降,室外,其他,无线利用率,0.0155,0.0671,344307.68,22572577.998000003
432,2017-06-13 00:00:00,金山区,460-00-118394-12,下降,室外,其他,PDCCH信道CCE占用率,0.011951,0.06828200000000001,344307.68,22572577.998000003
433,2017-06-14 00:00:00,金山区,460-00-118394-12,下降,室外,其他,上行初始HARQ重传比率,0.25254,0.047996,411606.891,22572577.998000003
434,2017-06-14 00:00:00,金山区,460-00-118394-12,下降,室外,其他,下行64QAM编码比例,0.017091,0.5556949999999999,411606.891,22572577.998000003
435,2017-06-14 00:00:00,金山区,460-00-118394-12,下降,室外,其他,下行每PRB平均吞吐量,0.0944,0.4301,411606.891,22572577.998000003
436,2017-06-14 00:00:00,金山区,460-00-118394-12,下降,室外,其他,下行双流流量占比,0.106242,0.7732640000000001,411606.891,22572577.998000003
437,2017-06-14 00:00:00,金山区,460-00-118394-12,下降,室外,其他,PDCCH信道CCE占用率,0.013279,0.06828200000000001,411606.891,22572577.998000003
438,2017-06-17 00:00:00,金山区,460-00-118394-12,下降,室外,其他,上行初始HARQ重传比率,0.250017,0.042020999999999996,399336.424,21927581.781
439,2017-06-17 00:00:00,金山区,460-00-118394-12,下降,室外,其他,下行64QAM编码比例,0.029454,0.564882,399336.424,21927581.781
440,2017-06-17 00:00:00,金山区,460-00-118394-12,下降,室外,其他,下行每PRB平均吞吐量,0.0764,0.4066,399336.424,21927581.781
441,2017-06-17 00:00:00,金山区,460-00-118394-12,下降,室外,其他,自_下行体验速率_Eutrancell,20.616009,105.59211200000001,399336.424,21927581.781
442,2017-06-17 00:00:00,金山区,460-00-118394-12,下降,室外,其他,下行双流流量占比,0.151749,0.807904,399336.424,21927581.781
443,2017-06-17 00:00:00,金山区,460-00-118394-12,下降,室外,其他,PDCCH信道CCE占用率,0.013019999999999999,0.064772,399336.424,21927581.781
444,2017-06-18 00:00:00,金山区,460-00-118394-12,下降,室外,其他,上行初始HARQ重传比率,0.2503,0.047996,1141737.363,22572577.998000003
445,2017-06-18 00:00:00,金山区,460-00-118394-12,下降,室外,其他,小区用户面下行平均时延,85.6451,19.1627,1141737.363,22572577.998000003
446,2017-06-18 00:00:00,金山区,460-00-118394-12,下降,室外,其他,下行64QAM编码比例,0.034411000000000004,0.5556949999999999,1141737.363,22572577.998000003
447,2017-06-18 00:00:00,金山区,460-00-118394-12,下降,室外,其他,PDCCH信道CCE占用率,0.013432,0.06828200000000001,1141737.363,22572577.998000003
448,2017-06-19 00:00:00,金山区,460-00-118394-12,下降,室外,其他,上行初始HARQ重传比率,0.2734,0.042020999999999996,477853.81200000003,21927581.781
449,2017-06-19 00:00:00,金山区,460-00-118394-12,下降,室外,其他,异系统切换比,0.000375,0.0,477853.81200000003,21927581.781
450,2017-06-19 00:00:00,金山区,460-00-118394-12,下降,室外,其他,下行64QAM编码比例,0.018633,0.564882,477853.81200000003,21927581.781
451,2017-06-19 00:00:00,金山区,460-00-118394-12,下降,室外,其他,下行每PRB平均吞吐量,0.0978,0.4066,477853.81200000003,21927581.781
452,2017-06-19 00:00:00,金山区,460-00-118394-12,下降,室外,其他,下行双流流量占比,0.10359000000000004,0.807904,477853.81200000003,21927581.781
453,2017-06-19 00:00:00,金山区,460-00-118394-12,下降,室外,其他,PDCCH信道CCE占用率,0.013455000000000002,0.064772,477853.81200000003,21927581.781
454,2017-06-20 00:00:00,金山区,460-00-118394-12,下降,室外,其他,上行初始HARQ重传比率,0.247916,0.042020999999999996,498640.117,21927581.781
455,2017-06-20 00:00:00,金山区,460-00-118394-12,下降,室外,其他,小区用户面下行平均时延,118.8269,22.2473,498640.117,21927581.781
456,2017-06-20 00:00:00,金山区,460-00-118394-12,下降,室外,其他,下行64QAM编码比例,0.023953,0.564882,498640.117,21927581.781
457,2017-06-20 00:00:00,金山区,460-00-118394-12,下降,室外,其他,下行每PRB平均吞吐量,0.087,0.4066,498640.117,21927581.781
458,2017-06-20 00:00:00,金山区,460-00-118394-12,下降,室外,其他,自_下行体验速率_Eutrancell,21.487179,105.59211200000001,498640.117,21927581.781
459,2017-06-20 00:00:00,金山区,460-00-118394-12,下降,室外,其他,下行双流流量占比,0.07850399999999999,0.807904,498640.117,21927581.781
460,2017-06-20 00:00:00,金山区,460-00-118394-12,下降,室外,其他,PDCCH信道CCE占用率,0.015019999999999999,0.064772,498640.117,21927581.781
461,2017-06-21 00:00:00,金山区,460-00-118394-12,下降,室外,其他,上行初始HARQ重传比率,0.265923,0.042020999999999996,426666.571,21927581.781
462,2017-06-21 00:00:00,金山区,460-00-118394-12,下降,室外,其他,异系统切换比,0.000155,0.0,426666.571,21927581.781
463,2017-06-21 00:00:00,金山区,460-00-118394-12,下降,室外,其他,下行64QAM编码比例,0.016184,0.564882,426666.571,21927581.781
464,2017-06-21 00:00:00,金山区,460-00-118394-12,下降,室外,其他,下行每PRB平均吞吐量,0.0877,0.4066,426666.571,21927581.781
465,2017-06-21 00:00:00,金山区,460-00-118394-12,下降,室外,其他,自_下行体验速率_Eutrancell,22.121046,105.59211200000001,426666.571,21927581.781
466,2017-06-21 00:00:00,金山区,460-00-118394-12,下降,室外,其他,下行双流流量占比,0.06649,0.807904,426666.571,21927581.781
467,2017-06-21 00:00:00,金山区,460-00-118394-12,下降,室外,其他,PDCCH信道CCE占用率,0.015127000000000003,0.064772,426666.571,21927581.781
468,2017-06-22 00:00:00,金山区,460-00-118394-12,下降,室外,其他,上行初始HARQ重传比率,0.25254,0.042020999999999996,478676.669,21927581.781
469,2017-06-22 00:00:00,金山区,460-00-118394-12,下降,室外,其他,小区用户面下行平均时延,104.9169,22.2473,478676.669,21927581.781
470,2017-06-22 00:00:00,金山区,460-00-118394-12,下降,室外,其他,异系统切换比,0.00021899999999999998,0.0,478676.669,21927581.781
471,2017-06-22 00:00:00,金山区,460-00-118394-12,下降,室外,其他,下行64QAM编码比例,0.007573000000000002,0.564882,478676.669,21927581.781
472,2017-06-22 00:00:00,金山区,460-00-118394-12,下降,室外,其他,下行每PRB平均吞吐量,0.0715,0.4066,478676.669,21927581.781
473,2017-06-22 00:00:00,金山区,460-00-118394-12,下降,室外,其他,下行双流流量占比,0.069656,0.807904,478676.669,21927581.781
474,2017-06-22 00:00:00,金山区,460-00-118394-12,下降,室外,其他,PDCCH信道CCE占用率,0.014721000000000001,0.064772,478676.669,21927581.781
475,2017-06-23 00:00:00,金山区,460-00-118394-12,下降,室外,其他,上行初始HARQ重传比率,0.249833,0.047996,970368.682,22572577.998000003
476,2017-06-23 00:00:00,金山区,460-00-118394-12,下降,室外,其他,下行64QAM编码比例,0.078247,0.5556949999999999,970368.682,22572577.998000003
477,2017-06-23 00:00:00,金山区,460-00-118394-12,下降,室外,其他,下行双流流量占比,0.06261,0.7732640000000001,970368.682,22572577.998000003
478,2017-06-23 00:00:00,金山区,460-00-118394-12,下降,室外,其他,PDCCH信道CCE占用率,0.015859,0.06828200000000001,970368.682,22572577.998000003
479,2017-06-24 00:00:00,金山区,460-00-118394-12,下降,室外,其他,上行初始HARQ重传比率,0.228656,0.042020999999999996,468870.403,21927581.781
480,2017-06-24 00:00:00,金山区,460-00-118394-12,下降,室外,其他,异系统切换比,0.000263,0.0,468870.403,21927581.781
481,2017-06-24 00:00:00,金山区,460-00-118394-12,下降,室外,其他,下行64QAM编码比例,0.008365000000000001,0.564882,468870.403,21927581.781
482,2017-06-24 00:00:00,金山区,460-00-118394-12,下降,室外,其他,下行双流流量占比,0.056770000000000015,0.807904,468870.403,21927581.781
483,2017-06-24 00:00:00,金山区,460-00-118394-12,下降,室外,其他,PDCCH信道CCE占用率,0.014406,0.064772,468870.403,21927581.781
484,2017-06-25 00:00:00,金山区,460-00-118394-12,下降,室外,其他,上行初始HARQ重传比率,0.23969400000000002,0.042020999999999996,372730.01399999997,21927581.781
485,2017-06-25 00:00:00,金山区,460-00-118394-12,下降,室外,其他,下行64QAM编码比例,0.046143,0.564882,372730.01399999997,21927581.781
486,2017-06-25 00:00:00,金山区,460-00-118394-12,下降,室外,其他,下行每PRB平均吞吐量,0.086,0.4066,372730.01399999997,21927581.781
487,2017-06-25 00:00:00,金山区,460-00-118394-12,下降,室外,其他,自_下行体验速率_Eutrancell,25.74744,105.59211200000001,372730.01399999997,21927581.781
488,2017-06-25 00:00:00,金山区,460-00-118394-12,下降,室外,其他,下行双流流量占比,0.046432999999999995,0.807904,372730.01399999997,21927581.781
489,2017-06-25 00:00:00,金山区,460-00-118394-12,下降,室外,其他,PDCCH信道CCE占用率,0.014319,0.064772,372730.01399999997,21927581.781
490,2017-06-27 00:00:00,金山区,460-00-118394-12,下降,室外,其他,上行初始HARQ重传比率,0.267563,0.042020999999999996,393747.447,21927581.781
491,2017-06-27 00:00:00,金山区,460-00-118394-12,下降,室外,其他,下行64QAM编码比例,0.025720999999999997,0.564882,393747.447,21927581.781
492,2017-06-27 00:00:00,金山区,460-00-118394-12,下降,室外,其他,下行每PRB平均吞吐量,0.0886,0.4066,393747.447,21927581.781
493,2017-06-27 00:00:00,金山区,460-00-118394-12,下降,室外,其他,自_下行体验速率_Eutrancell,20.858351000000006,105.59211200000001,393747.447,21927581.781
494,2017-06-27 00:00:00,金山区,460-00-118394-12,下降,室外,其他,下行双流流量占比,0.080322,0.807904,393747.447,21927581.781
495,2017-06-27 00:00:00,金山区,460-00-118394-12,下降,室外,其他,PDCCH信道CCE占用率,0.015121,0.064772,393747.447,21927581.781
496,2017-07-01 00:00:00,金山区,460-00-118394-12,下降,室外,其他,上行初始HARQ重传比率,0.240815,0.042020999999999996,232408.54100000003,21927581.781
497,2017-07-01 00:00:00,金山区,460-00-118394-12,下降,室外,其他,异系统切换比,0.00018999999999999998,0.0,232408.54100000003,21927581.781
498,2017-07-01 00:00:00,金山区,460-00-118394-12,下降,室外,其他,下行64QAM编码比例,0.007572,0.564882,232408.54100000003,21927581.781
499,2017-07-01 00:00:00,金山区,460-00-118394-12,下降,室外,其他,下行每PRB平均吞吐量,0.085,0.4066,232408.54100000003,21927581.781
500,2017-07-01 00:00:00,金山区,460-00-118394-12,下降,室外,其他,自_下行体验速率_Eutrancell,15.959704,105.59211200000001,232408.54100000003,21927581.781
501,2017-07-01 00:00:00,金山区,460-00-118394-12,下降,室外,其他,下行双流流量占比,0.049745,0.807904,232408.54100000003,21927581.781
502,2017-07-01 00:00:00,金山区,460-00-118394-12,下降,室外,其他,无线利用率,0.017,0.0682,232408.54100000003,21927581.781
503,2017-07-01 00:00:00,金山区,460-00-118394-12,下降,室外,其他,PDCCH信道CCE占用率,0.014003999999999999,0.064772,232408.54100000003,21927581.781
504,2017-07-03 00:00:00,金山区,460-00-118394-12,下降,室外,其他,上行初始HARQ重传比率,0.16836600000000002,0.042020999999999996,429459.326,21927581.781
505,2017-07-03 00:00:00,金山区,460-00-118394-12,下降,室外,其他,上行PRB平均利用率,0.0118,0.0499,429459.326,21927581.781
506,2017-07-03 00:00:00,金山区,460-00-118394-12,下降,室外,其他,下行64QAM编码比例,0.010006000000000001,0.564882,429459.326,21927581.781
507,2017-07-03 00:00:00,金山区,460-00-118394-12,下降,室外,其他,下行每PRB平均吞吐量,0.0866,0.4066,429459.326,21927581.781
508,2017-07-03 00:00:00,金山区,460-00-118394-12,下降,室外,其他,下行双流流量占比,0.07618,0.807904,429459.326,21927581.781
509,2017-07-03 00:00:00,金山区,460-00-118394-12,下降,室外,其他,PDCCH信道CCE占用率,0.014978,0.064772,429459.326,21927581.781
510,2017-06-11 00:00:00,闸北区,460-00-30218-139,稳步上升,室外,城区道路,E-RAB掉线率（小区级）,0.0015019999999999999,0.000359,7515401.2579999985,37568484.80800001
511,2017-06-11 00:00:00,闸北区,460-00-30218-139,稳步上升,室外,城区道路,异系统切换比,0.001266,0.0,7515401.2579999985,37568484.80800001
512,2017-06-11 00:00:00,闸北区,460-00-30218-139,稳步上升,室外,城区道路,自_LTE参考信号接收功率>=-110_Eutrancell,8800.0,225107.0,7515401.2579999985,37568484.80800001
513,2017-06-14 00:00:00,闸北区,460-00-30218-139,稳步上升,室外,城区道路,E-RAB掉线率（小区级）,0.0014060000000000001,0.00029,7757946.219,43269986.053
514,2017-06-14 00:00:00,闸北区,460-00-30218-139,稳步上升,室外,城区道路,异系统切换比,0.001073,4.3e-05,7757946.219,43269986.053
515,2017-06-14 00:00:00,闸北区,460-00-30218-139,稳步上升,室外,城区道路,自_LTE参考信号接收功率>=-110_Eutrancell,7854.0,107889.0,7757946.219,43269986.053
516,2017-07-02 00:00:00,徐汇区,460-00-99094-13,稳步上升,室外,城区道路,E-RAB平均建立时长,373.20833333,29.95833333,5268224.739,40525793.408
517,2017-07-02 00:00:00,徐汇区,460-00-99094-13,稳步上升,室外,城区道路,E-RAB掉线率（小区级）,0.023198,0.005549,5268224.739,40525793.408
518,2017-07-02 00:00:00,徐汇区,460-00-99094-13,稳步上升,室外,城区道路,RRC连接平均建立时长,467.04166667,29.08333333,5268224.739,40525793.408
519,2017-07-02 00:00:00,徐汇区,460-00-99094-13,稳步上升,室外,城区道路,上行初始HARQ重传比率,0.531436,0.069671,5268224.739,40525793.408
520,2017-07-02 00:00:00,徐汇区,460-00-99094-13,稳步上升,室外,城区道路,上行每PRB平均吞吐量,0.0515,0.3283,5268224.739,40525793.408
521,2017-07-02 00:00:00,徐汇区,460-00-99094-13,稳步上升,室外,城区道路,上行用户平均速率,0.004197,3.748353,5268224.739,40525793.408
522,2017-07-02 00:00:00,徐汇区,460-00-99094-13,稳步上升,室外,城区道路,自_上行体验速率_Eutrancell,0.097015,15.030259,5268224.739,40525793.408
523,2017-07-02 00:00:00,徐汇区,460-00-99094-13,稳步上升,室外,城区道路,自_下行体验速率_Eutrancell,12.018048,66.445021,5268224.739,40525793.408
524,2017-07-03 00:00:00,徐汇区,460-00-99094-13,稳步上升,室外,城区道路,E-RAB平均建立时长,346.875,66.29166667,5242178.949,30100388.149
525,2017-07-03 00:00:00,徐汇区,460-00-99094-13,稳步上升,室外,城区道路,E-RAB掉线率（小区级）,0.016819999999999998,0.000734,5242178.949,30100388.149
526,2017-07-03 00:00:00,徐汇区,460-00-99094-13,稳步上升,室外,城区道路,RRC连接平均建立时长,463.79166667,37.16666667,5242178.949,30100388.149
527,2017-07-03 00:00:00,徐汇区,460-00-99094-13,稳步上升,室外,城区道路,上行初始HARQ重传比率,0.5319619999999999,0.108026,5242178.949,30100388.149
528,2017-07-03 00:00:00,徐汇区,460-00-99094-13,稳步上升,室外,城区道路,上行每PRB平均吞吐量,0.0519,0.2872,5242178.949,30100388.149
529,2017-07-03 00:00:00,徐汇区,460-00-99094-13,稳步上升,室外,城区道路,上行用户平均速率,0.008052,2.245263,5242178.949,30100388.149
530,2017-07-03 00:00:00,徐汇区,460-00-99094-13,稳步上升,室外,城区道路,自_上行体验速率_Eutrancell,0.184245,10.958561999999999,5242178.949,30100388.149
531,2017-07-03 00:00:00,徐汇区,460-00-99094-13,稳步上升,室外,城区道路,自_下行体验速率_Eutrancell,13.788773,99.17244699999999,5242178.949,30100388.149
532,2017-06-23 00:00:00,普陀区,460-00-99657-13,下降,室外,写字楼,E-RAB平均建立时长,590.125,72.70833333,602852.6020000001,32804028.81
533,2017-06-23 00:00:00,普陀区,460-00-99657-13,下降,室外,写字楼,E-RAB掉线率（小区级）,0.2131760000000001,0.000704,602852.6020000001,32804028.81
534,2017-06-23 00:00:00,普陀区,460-00-99657-13,下降,室外,写字楼,RRC连接平均建立时长,420.58333333,40.95833333,602852.6020000001,32804028.81
535,2017-06-23 00:00:00,普陀区,460-00-99657-13,下降,室外,写字楼,上行初始HARQ重传比率,3.204891,0.13894,602852.6020000001,32804028.81
536,2017-06-23 00:00:00,普陀区,460-00-99657-13,下降,室外,写字楼,下行初始HARQ重传比率,0.732001,0.16701300000000002,602852.6020000001,32804028.81
537,2017-06-23 00:00:00,普陀区,460-00-99657-13,下降,室外,写字楼,上行每PRB平均吞吐量,0.0263,0.3351,602852.6020000001,32804028.81
538,2017-06-23 00:00:00,普陀区,460-00-99657-13,下降,室外,写字楼,上行用户平均速率,0.001374,0.7715529999999999,602852.6020000001,32804028.81
539,2017-06-23 00:00:00,普陀区,460-00-99657-13,下降,室外,写字楼,下行每PRB平均吞吐量,0.0415,0.4641,602852.6020000001,32804028.81
540,2017-06-23 00:00:00,普陀区,460-00-99657-13,下降,室外,写字楼,下行用户平均速率,0.662247,9.893513,602852.6020000001,32804028.81
541,2017-06-23 00:00:00,普陀区,460-00-99657-13,下降,室外,写字楼,自_上行体验速率_Eutrancell,0.023632,10.111361,602852.6020000001,32804028.81
542,2017-06-23 00:00:00,普陀区,460-00-99657-13,下降,室外,写字楼,自_下行体验速率_Eutrancell,1.2799260000000001,56.3859,602852.6020000001,32804028.81
543,2017-06-24 00:00:00,普陀区,460-00-99657-13,下降,室外,写字楼,E-RAB平均建立时长,575.08333333,65.29166667,693386.08,31696717.041
544,2017-06-24 00:00:00,普陀区,460-00-99657-13,下降,室外,写字楼,E-RAB掉线率（小区级）,0.160107,0.000338,693386.08,31696717.041
545,2017-06-24 00:00:00,普陀区,460-00-99657-13,下降,室外,写字楼,RRC连接平均建立时长,426.45833333,35.625,693386.08,31696717.041
546,2017-06-24 00:00:00,普陀区,460-00-99657-13,下降,室外,写字楼,上行初始HARQ重传比率,3.205254,0.159398,693386.08,31696717.041
547,2017-06-24 00:00:00,普陀区,460-00-99657-13,下降,室外,写字楼,下行初始HARQ重传比率,0.758363,0.174871,693386.08,31696717.041
548,2017-06-24 00:00:00,普陀区,460-00-99657-13,下降,室外,写字楼,上行每PRB平均吞吐量,0.0247,0.3488,693386.08,31696717.041
549,2017-06-24 00:00:00,普陀区,460-00-99657-13,下降,室外,写字楼,上行用户平均速率,0.0018989999999999999,3.132737,693386.08,31696717.041
550,2017-06-24 00:00:00,普陀区,460-00-99657-13,下降,室外,写字楼,下行每PRB平均吞吐量,0.0463,0.3705,693386.08,31696717.041
551,2017-06-24 00:00:00,普陀区,460-00-99657-13,下降,室外,写字楼,下行用户平均速率,1.1098709999999998,6.813202,693386.08,31696717.041
552,2017-06-24 00:00:00,普陀区,460-00-99657-13,下降,室外,写字楼,自_上行体验速率_Eutrancell,0.033072000000000004,20.124886,693386.08,31696717.041
553,2017-06-24 00:00:00,普陀区,460-00-99657-13,下降,室外,写字楼,自_下行体验速率_Eutrancell,1.9539630000000001,72.20180500000002,693386.08,31696717.041
554,2017-06-25 00:00:00,普陀区,460-00-99657-13,下降,室外,写字楼,E-RAB平均建立时长,592.0,67.41666667,615490.731,27791016.396
555,2017-06-25 00:00:00,普陀区,460-00-99657-13,下降,室外,写字楼,E-RAB掉线率（小区级）,0.12413199999999999,0.0016350000000000002,615490.731,27791016.396
556,2017-06-25 00:00:00,普陀区,460-00-99657-13,下降,室外,写字楼,RRC连接平均建立时长,420.58333333,42.08333333,615490.731,27791016.396
557,2017-06-25 00:00:00,普陀区,460-00-99657-13,下降,室外,写字楼,上行初始HARQ重传比率,3.2720029999999998,0.17544300000000002,615490.731,27791016.396
558,2017-06-25 00:00:00,普陀区,460-00-99657-13,下降,室外,写字楼,上行每PRB平均吞吐量,0.0253,0.2059,615490.731,27791016.396
559,2017-06-25 00:00:00,普陀区,460-00-99657-13,下降,室外,写字楼,上行用户平均速率,0.002235,1.9842669999999998,615490.731,27791016.396
560,2017-06-25 00:00:00,普陀区,460-00-99657-13,下降,室外,写字楼,下行每PRB平均吞吐量,0.045,0.2637,615490.731,27791016.396
561,2017-06-25 00:00:00,普陀区,460-00-99657-13,下降,室外,写字楼,下行用户平均速率,1.088028,10.348034,615490.731,27791016.396
562,2017-06-25 00:00:00,普陀区,460-00-99657-13,下降,室外,写字楼,自_上行体验速率_Eutrancell,0.037696,7.957561,615490.731,27791016.396
563,2017-06-25 00:00:00,普陀区,460-00-99657-13,下降,室外,写字楼,自_下行体验速率_Eutrancell,2.003883,84.538053,615490.731,27791016.396
564,2017-06-05 00:00:00,普陀区,460-00-99703-4,下降,室外,写字楼,下行双流流量占比,0.148424,0.789028,4855968.143,27786995.858000007
565,2017-06-06 00:00:00,普陀区,460-00-99703-4,下降,室外,写字楼,下行双流流量占比,0.15771,0.789028,4822617.135,27786995.858000007
